no,name,dzongkhag,village,phone,rooms,beds,email,license,profile_url,whatsapp,certification,source
1,Pema Lhazom Homestay,Bumthang,,17292177,5,10,pemalhazom51@gmail.com,,,https://wa.me/97517292177,DOT certified VHS,DOT certified village homestay list
2,Dorjibee (Ugyen Lhamo) Homestay,Bumthang,,77661132,4,8,chimmidelker88@gmail.com,,,https://wa.me/97577661132,DOT certified VHS,DOT certified village homestay list
3,Sherab Doma Homestay,Bumthang,,17723673,4,8,kamdex@gmail.com,,,https://wa.me/97517723673,DOT certified VHS,DOT certified village homestay list
4,Dechen Gawa Homestay,Bumthang,,17291600,2,4,bumthangchakhar@gmail.com,,,https://wa.me/97517291600,DOT certified VHS,DOT certified village homestay list
5,Tshewang Choden Homestay,Bumthang,,77757909,3,6,,,,https://wa.me/97577757909,DOT certified VHS,DOT certified village homestay list
6,Sangay Dawa Homestay,Bumthang,,77351570,2,4,,,,https://wa.me/97577351570,DOT certified VHS,DOT certified village homestay list
7,Yeshi Wangmo Homestay,Bumthang,,17235076,4,8,,,,https://wa.me/97517235076,DOT certified VHS,DOT certified village homestay list
8,Lemo Homestay,Bumthang,,17670870,2,4,,,,https://wa.me/97517670870,DOT certified VHS,DOT certified village homestay list
9,Tshomo Homestay (Pangri),Bumthang,,17861095,4,8,,,,https://wa.me/97517861095,DOT certified VHS,DOT certified village homestay list
10,Tashi Wangmo / Ura (VHS),Bumthang,,77639828 / 17639828,4,8,,,,https://wa.me/97577639828,DOT certified VHS,DOT certified village homestay list
11,Tshomo Homestay (Dorjibee),Bumthang,,17649947,5,10,dekidrodu@gmail.com,,,https://wa.me/97517649947,DOT certified VHS,DOT certified village homestay list
12,Dechen Homestay,Bumthang,,17917619 / 17383434,4,8,,,,https://wa.me/97517917619,DOT certified VHS,DOT certified village homestay list
13,Yeshi Nidup Homestay,Bumthang,,17795211 / 17802028,3,6,,,,https://wa.me/97517795211,DOT certified VHS,DOT certified village homestay list
14,Ngawang Homestay,Bumthang,,17622222 / 17345565,3,6,Aimhightour1762@gmai.com,,,https://wa.me/97517622222,DOT certified VHS,DOT certified village homestay list
15,Sonam Choki Homestay,Chhukha,,17986512,4,8,,,,https://wa.me/97517986512,DOT certified VHS,DOT certified village homestay list
16,Gangkhap Homestay,Chhukha,,77700153,1,2,,,,https://wa.me/97577700153,DOT certified VHS,DOT certified village homestay list
17,Lhamo Homestay,Chhukha,,17933178,2,4,,,,https://wa.me/97517933178,DOT certified VHS,DOT certified village homestay list
18,Dekis Homestay,Chhukha,,77678937,3,6,,,,https://wa.me/97577678937,DOT certified VHS,DOT certified village homestay list
19,Kaydee Homestay,Chhukha,,17589430,1,2,,,,https://wa.me/97517589430,DOT certified VHS,DOT certified village homestay list
20,Sangay Lhaden Homestay,Dagana,,17538263 / 17937371,2,4,,,,https://wa.me/97517538263,DOT certified VHS,DOT certified village homestay list
21,Karma Homestay,Dagana,,17691632,2,4,,,,https://wa.me/97517691632,DOT certified VHS,DOT certified village homestay list
22,Namgay Homestay,Gasa,,17537744,4,8,,,,https://wa.me/97517537744,DOT certified VHS,DOT certified village homestay list
23,Chador Zangmo Homestay,Gasa,,17422868,4,8,,,,https://wa.me/97517422868,DOT certified VHS,DOT certified village homestay list
24,Karma Yuden Homestay,Gasa,,17408142,4,8,,,,https://wa.me/97517408142,DOT certified VHS,DOT certified village homestay list
25,Bagos (Chencho) Homestay,Gasa,,17817425,4,8,,,,https://wa.me/97517817425,DOT certified VHS,DOT certified village homestay list
26,Tashi Dechiling Homestay,Gasa,,17696921,4,8,sonamyounten87@gmail.com,,,https://wa.me/97517696921,DOT certified VHS,DOT certified village homestay list
27,Phub Dem Homestay,Haa,,77250421,2,4,,,,https://wa.me/97577250421,DOT certified VHS,DOT certified village homestay list
28,Namgay Wangmo Homestay,Haa,,77448319,3,6,,,,https://wa.me/97577448319,DOT certified VHS,DOT certified village homestay list
29,Kinley Wangchuk Homestay,Haa,,17654981,3,6,,,,https://wa.me/97517654981,DOT certified VHS,DOT certified village homestay list
30,Choden Homestay,Haa,,17657450,4,8,,,,https://wa.me/97517657450,DOT certified VHS,DOT certified village homestay list
31,Lhaki Homestay,Haa,,77639036,3,6,,,,https://wa.me/97577639036,DOT certified VHS,DOT certified village homestay list
32,Kinley Wangmo Homestay,Haa,,17810332,4,8,,,,https://wa.me/97517810332,DOT certified VHS,DOT certified village homestay list
33,Jam Tshering Homestay,Haa,,17617782,3,6,,,,https://wa.me/97517617782,DOT certified VHS,DOT certified village homestay list
34,Chhimmi Homestay,Haa,,77240938,4,8,,,,https://wa.me/97577240938,DOT certified VHS,DOT certified village homestay list
35,Ugyen Homestay,Haa,,77265817,5,10,,,,https://wa.me/97577265817,DOT certified VHS,DOT certified village homestay list
36,Pema Dema Homestay,Haa,,77209984,3,6,,,,https://wa.me/97577209984,DOT certified VHS,DOT certified village homestay list
37,Kelzang Dawa Homestay,Haa,,17610449,3,6,,,,https://wa.me/97517610449,DOT certified VHS,DOT certified village homestay list
38,Damcho Pem Homestay,Haa,,17628873 / 17648468,4,8,,,,https://wa.me/97517628873,DOT certified VHS,DOT certified village homestay list
39,Yangkula Homestay,Lhuentse,,17788454,5,10,,,,https://wa.me/97517788454,DOT certified VHS,DOT certified village homestay list
40,Tshering Mo Homestay,Lhuentse,,17576688,5,10,,,,https://wa.me/97517576688,DOT certified VHS,DOT certified village homestay list
41,Rinchen Yangtsho Homestay,Lhuentse,,17813058,3,6,,,,https://wa.me/97517813058,DOT certified VHS,DOT certified village homestay list
42,Chimi Yuden Homestay,Lhuentse,,17576688,2,4,,,,https://wa.me/97517576688,DOT certified VHS,DOT certified village homestay list
43,Norbu Homestay,Lhuentse,,17310774,3,6,,,,https://wa.me/97517310774,DOT certified VHS,DOT certified village homestay list
44,Norbu Lhaden Homestay,Lhuentse,,17700848 / 17932885,2,4,,,,https://wa.me/97517700848,DOT certified VHS,DOT certified village homestay list
45,Bumpa Dema Homestay,Lhuentse,,77714102 / 17303515,3,6,,,,https://wa.me/97577714102,DOT certified VHS,DOT certified village homestay list
46,Namgay Zam Homestay,Lhuentse,,17788383,2,4,,,,https://wa.me/97517788383,DOT certified VHS,DOT certified village homestay list
47,Tashi Pelmo Homestay,Lhuentse,,17695200,2,4,,,,https://wa.me/97517695200,DOT certified VHS,DOT certified village homestay list
48,Sonam Zangmo Homestay,Lhuentse,,17380638,2,4,,,,https://wa.me/97517380638,DOT certified VHS,DOT certified village homestay list
49,Tashi Chozom Homestay,Lhuentse,,17788394,3,6,,,,https://wa.me/97517788394,DOT certified VHS,DOT certified village homestay list
50,Kinzang Tobgay Homestay,Lhuentse,,17626618,4,8,,,,https://wa.me/97517626618,DOT certified VHS,DOT certified village homestay list
51,Deki Peldon Homestay,Lhuentse,,17814374,4,8,,,,https://wa.me/97517814374,DOT certified VHS,DOT certified village homestay list
52,Yoezer Homestay (Thridangbi),Mongar,,17644057,2,4,,,,https://wa.me/97517644057,DOT certified VHS,DOT certified village homestay list
53,Paro Village View Homestay,Paro,,77210636,3,6,,,,https://wa.me/97577210636,DOT certified VHS,DOT certified village homestay list
54,Ugyen Homestay,Paro,,77665376,4,8,,,,https://wa.me/97577665376,DOT certified VHS,DOT certified village homestay list
55,Terton Sherab Maebar Homestay,Paro,,17841344,2,3,,,,https://wa.me/97517841344,DOT certified VHS,DOT certified village homestay list
56,Deki Homestay,Paro,,17610851,3,6,,,,https://wa.me/97517610851,DOT certified VHS,DOT certified village homestay list
57,Gatana Homestay,Paro,,17580425,3,6,,,,https://wa.me/97517580425,DOT certified VHS,DOT certified village homestay list
58,Kinley Lhamo Homestay,Paro,,17609123,3,6,,,,https://wa.me/97517609123,DOT certified VHS,DOT certified village homestay list
59,Tshering Homestay,Paro,,17687642,4,8,,,,https://wa.me/97517687642,DOT certified VHS,DOT certified village homestay list
60,Paro Penlop Heritage Homestay,Paro,,17622667,4,8,,,,https://wa.me/97517622667,DOT certified VHS,DOT certified village homestay list
61,Tashi Lhamo Homestay,Paro,,17666293,2,4,,,,https://wa.me/97517666293,DOT certified VHS,DOT certified village homestay list
62,Dema Homestay,Paro,,17628150,4,8,,,,https://wa.me/97517628150,DOT certified VHS,DOT certified village homestay list
63,Chencho Dema Homestay,Paro,,17675757,4,7,chenchodema5757@gmail.com,,,https://wa.me/97517675757,DOT certified VHS,DOT certified village homestay list
64,Travellers Homestay,Paro,,17604517,4,8,,,,https://wa.me/97517604517,DOT certified VHS,DOT certified village homestay list
65,Paro Kichu Homestay,Paro,,17620695,3,6,killaychoki@gmail.com,,,https://wa.me/97517620695,DOT certified VHS,DOT certified village homestay list
66,Gensa Homestay,Paro,,17614157,3,6,,,,https://wa.me/97517614157,DOT certified VHS,DOT certified village homestay list
67,Sangay Homestay,Paro,,17969145,3,6,,,,https://wa.me/97517969145,DOT certified VHS,DOT certified village homestay list
68,Chencho Dorji Homestay,Paro,,17824314,1,1,nchoki@yahoo.com,,,https://wa.me/97517824314,DOT certified VHS,DOT certified village homestay list
69,Bara Homestay,Paro,,17710171,3,6,somyanday@gmail.com,,,https://wa.me/97517710171,DOT certified VHS,DOT certified village homestay list
70,Dorji Dema Homestay,Paro,,17791416,3,6,sherabdorjee76@gmail.com,,,https://wa.me/97517791416,DOT certified VHS,DOT certified village homestay list
71,Pema Wangchuk Homestay,Paro,,77368059 / 17982509,3,6,,,,https://wa.me/97577368059,DOT certified VHS,DOT certified village homestay list
72,Chimi Lhakhang Homestay,Punakha,,17851311,3,6,dagozam07@gmail.com,,,https://wa.me/97517851311,DOT certified VHS,DOT certified village homestay list
73,Lala Homestay,Punakha,,17660506,3,6,,,,https://wa.me/97517660506,DOT certified VHS,DOT certified village homestay list
74,Chechey Homestay,Punakha,,17545898,4,8,,,,https://wa.me/97517545898,DOT certified VHS,DOT certified village homestay list
75,Chimi Wangmo Homestay,Punakha,,77606530,3,6,,,,https://wa.me/97577606530,DOT certified VHS,DOT certified village homestay list
76,Leki Wangmo Homestay,Punakha,,17615212,4,8,,,,https://wa.me/97517615212,DOT certified VHS,DOT certified village homestay list
77,Happiness Field Homestay,Punakha,,17609998,3,8,yangchenkarma698@gmail.com,,,https://wa.me/97517609998,DOT certified VHS,DOT certified village homestay list
78,Thinley Wangmo Homestay,Punakha,,17659143,3,6,,,,https://wa.me/97517659143,DOT certified VHS,DOT certified village homestay list
79,Mendrelgang Homestay,Punakha,,77469174,5,7,,,,https://wa.me/97577469174,DOT certified VHS,DOT certified village homestay list
80,Namgay Zam Homestay,Punakha,,17843335,3,6,tenzinom1995@gmail.com,,,https://wa.me/97517843335,DOT certified VHS,DOT certified village homestay list
81,Yuwakha Homestay,Punakha,,17623793 / 77623793,3,6,,,,https://wa.me/97517623793,DOT certified VHS,DOT certified village homestay list
82,Sonam Chenzom Homestay,Punakha,,17605948,3,6,kinleyd2014@gmail.com,,,https://wa.me/97517605948,DOT certified VHS,DOT certified village homestay list
83,Mendelgang Heritage Homestay,Punakha,,17603474,3,6,mendegangheritagehome@gmail.com,,,https://wa.me/97517603474,DOT certified VHS,DOT certified village homestay list
84,Pema Zangmo Homestay,Punakha,,17475742,2,4,,,,https://wa.me/97517475742,DOT certified VHS,DOT certified village homestay list
85,Lotay Gyeltshen Homestay,Punakha,,17619315,3,6,,,,https://wa.me/97517619315,DOT certified VHS,DOT certified village homestay list
86,FAM Heritage Homestay,Punakha,,17619962,2,4,tdorjinsb@gmail.com,,,https://wa.me/97517619962,DOT certified VHS,DOT certified village homestay list
87,Merak Homestay,Trashigang,,17745042,3,6,,,,https://wa.me/97517745042,DOT certified VHS,DOT certified village homestay list
88,Naktsang Homestay (Rangshikhar),Trashigang,,17116766,3,6,dek_pel@yahoo.com,,,https://wa.me/97517116766,DOT certified VHS,DOT certified village homestay list
89,Wangpo Tshering Homestay,Trashigang,,17356380,2,4,,,,https://wa.me/97517356380,DOT certified VHS,DOT certified village homestay list
90,Sisina Homestay,Thimphu,,17902417,3,3,,,,https://wa.me/97517902417,DOT certified VHS,DOT certified village homestay list
91,Chorten Dendup Homestay,Trashi Yangtse,,17701156,5,10,,,,https://wa.me/97517701156,DOT certified VHS,DOT certified village homestay list
92,Jigme Tenzin Homestay,Trashi Yangtse,,17714103,4,8,,,,https://wa.me/97517714103,DOT certified VHS,DOT certified village homestay list
93,Thukten Tshering Homestay,Trashi Yangtse,,17659821,3,6,,,,https://wa.me/97517659821,DOT certified VHS,DOT certified village homestay list
94,Dorji Tse Homestay,Trongsa,,77619923,3,6,tshodee90@gmail.com,,,https://wa.me/97577619923,DOT certified VHS,DOT certified village homestay list
95,Dawa Lham Homestay,Wangdue Phodrang,,17845863,3,6,,,,https://wa.me/97517845863,DOT certified VHS,DOT certified village homestay list
96,Dechen Om Homestay,Wangdue Phodrang,,17870644,2,4,,,,https://wa.me/97517870644,DOT certified VHS,DOT certified village homestay list
97,Karma Wangmo Homestay,Wangdue Phodrang,,17683831 / 77234698,5,10,karmawangmohomestay@gmail.com,,https://services.bhutan.travel/search/homestay/karma-wangmo-village-homestay-1,https://wa.me/97517683831,DOT certified VHS,DOT certified village homestay list
98,Karma Homestay,Wangdue Phodrang,,17683831,2,4,klley89@gmail.com,,,https://wa.me/97517683831,DOT certified VHS,DOT certified village homestay list
99,Sonam Yuden Homestay,Wangdue Phodrang,,17625853,4,8,,,,https://wa.me/97517625853,DOT certified VHS,DOT certified village homestay list
100,Passang Zam Homestay,Wangdue Phodrang,,17443219,4,8,passanghomestay@gmail.com,,,https://wa.me/97517443219,DOT certified VHS,DOT certified village homestay list
101,Sigay Homestay,Wangdue Phodrang,,17995496 / 17841894,5,10,,,,https://wa.me/97517995496,DOT certified VHS,DOT certified village homestay list
102,Kuenzang Choeling Homestay,Wangdue Phodrang,,17364619 / 77379375,3,6,passangzangmo@gmail.com,,,https://wa.me/97517364619,DOT certified VHS,DOT certified village homestay list
103,Dophu Wangmo Homestay,Wangdue Phodrang,,17749283,2,4,,,,https://wa.me/97517749283,DOT certified VHS,DOT certified village homestay list
104,Dorji Om Homestay,Wangdue Phodrang,,17964102 / 77875586,3,6,,,,https://wa.me/97517964102,DOT certified VHS,DOT certified village homestay list
105,Gyelmo Homestay,Wangdue Phodrang,,17970585,4,8,,,,https://wa.me/97517970585,DOT certified VHS,DOT certified village homestay list
106,Lhakpa Homestay,Wangdue Phodrang,,17518940,5,10,,,,https://wa.me/97517518940,DOT certified VHS,DOT certified village homestay list
107,Pem Homestay,Wangdue Phodrang,,17736941,5,10,,,,https://wa.me/97517736941,DOT certified VHS,DOT certified village homestay list
108,Phub Gyeltshen Homestay,Wangdue Phodrang,,77343118 / 17879831,3,6,,,,https://wa.me/97577343118,DOT certified VHS,DOT certified village homestay list
109,Phub Lham Homestay,Wangdue Phodrang,,17512152 / 77890836,3,6,Dechenma604@gmail.com,,,https://wa.me/97517512152,DOT certified VHS,DOT certified village homestay list
110,Phub Lhamo Homestay,Wangdue Phodrang,,77376000,5,10,,,,https://wa.me/97577376000,DOT certified VHS,DOT certified village homestay list
111,Shakar Homestay,Wangdue Phodrang,,77422570 / 17754508,2,4,Dekigawa995@gmail.com,,,https://wa.me/97577422570,DOT certified VHS,DOT certified village homestay list
112,Tshering Lhamo Homestay,Wangdue Phodrang,,17846102,3,6,Yeegadema123@gmail.com,,,https://wa.me/97517846102,DOT certified VHS,DOT certified village homestay list
113,Wangchuk Dema Homestay,Wangdue Phodrang,,17451374 / 17861601,4,8,wangchukdema174@gmail.com,,,https://wa.me/97517451374,DOT certified VHS,DOT certified village homestay list
114,Yangka Homestay,Wangdue Phodrang,,17846897,4,8,,,,https://wa.me/97517846897,DOT certified VHS,DOT certified village homestay list
115,Zangmo Homestay,Wangdue Phodrang,,17512474,4,8,,,,https://wa.me/97517512474,DOT certified VHS,DOT certified village homestay list
116,Kumbu Lhamo Homestay,Wangdue Phodrang,,77807211,4,8,,,,https://wa.me/97577807211,DOT certified VHS,DOT certified village homestay list
117,Tokha Menchu Homestay,Wangdue Phodrang,,17512512 / 17253939,3,6,,,,https://wa.me/97517512512,DOT certified VHS,DOT certified village homestay list
118,Pemba Homestay,Wangdue Phodrang,,17734049 / 17447754,3,6,peewang312@yahoo.com,,,https://wa.me/97517734049,DOT certified VHS,DOT certified village homestay list
119,Dechen Peldon Homestay,Wangdue Phodrang,,17527214,5,10,,,,https://wa.me/97517527214,DOT certified VHS,DOT certified village homestay list
120,Tsewang Buthri Homestay,Zhemgang,,17545152,2,4,sonamyaden102@gmail.com,,,https://wa.me/97517545152,DOT certified VHS,DOT certified village homestay list
121,Tshering Yuden Homestay,Zhemgang,,77444780,3,6,chodentashi17@gmail.com,,,https://wa.me/97577444780,DOT certified VHS,DOT certified village homestay list
122,Sonam Yangzom Homestay,Zhemgang,,17878185,4,8,,,,https://wa.me/97517878185,DOT certified VHS,DOT certified village homestay list
123,Yeshi Choden Homestay,Zhemgang,,17483910,5,10,,,,https://wa.me/97517483910,DOT certified VHS,DOT certified village homestay list
124,Damchi Homestay,Punakha,Damchi / Kabjisa,77212308,3,,Kinleydema205@gmail.com,DOT/SCD/HS-PKHA-23/2024,https://services.bhutan.travel/search/homestay/damchi-homestay,https://wa.me/97577212308,DOT licensed (portal),"services.bhutan.travel homestay profile (licensed, not on numbered PDF)"
125,Kinley Om Homestay,Punakha,,17775611,3,,omkinley493@gmail.com,DOT/SCD/HS/PKHA-26/2024,https://services.bhutan.travel/search/homestay/kinley-om-homestay,https://wa.me/97517775611,DOT licensed (portal),"services.bhutan.travel homestay profile (licensed, not on numbered PDF)"
126,Zomlingthang Homestay,Punakha,Zomlingthang,17721172,3,,pemazam1982@gmail.com,DOT/SCD/HS-PKHA-30/2024,https://services.bhutan.travel/search/homestay/zomlingthang-homestay,https://wa.me/97517721172,DOT licensed (portal),"services.bhutan.travel homestay profile (licensed, not on numbered PDF)"
127,Sangay Dema Home Stay,Trashigang,Merak / Gengu,17261119,4,,tashidorji1119@gmail.com,HS-TGNG-6/2024,https://services.bhutan.travel/search/homestay/sangay-dema-home-stay,https://wa.me/97517261119,DOT licensed (portal),"services.bhutan.travel homestay profile (licensed, not on numbered PDF)"