id,type,subtype,name,address,phone,email,url,photos,source
17324e4c-1215-409b-ba9e-ca431d9d5864,hotel,3-star | standard | Standard | BB,33 Soksoom Hotel,Thimphu,322007/339594,namselinghotel@gmail.com,,https://res.cloudinary.com/dvivq8oji/image/upload/v1774155684/hotels/33-soksoom-hotel.jpg,hotels.json + source/library_hotels_rows.csv
7451b17b-b2ae-4c19-b4a2-ff4e703183f2,hotel,2-star | basic | Standard | BB,ABC Lodge,Wangdue Phodrang,,,,https://res.cloudinary.com/dvivq8oji/image/upload/v1774151654/hotels/abc-lodge.jpg,hotels.json + source/library_hotels_rows.csv
4e95ea8d-eb83-4013-a58b-c218090d8f23,hotel,3-star | standard | Standard | BB,Alem Hotel & Resort,Chhukha,17525363/77376930,alembhutan@gmail.com,https://wa.me/97517525363,,hotels.json + source/library_hotels_rows.csv
0b026ae8-4659-4720-ba57-9abd0734a878,hotel,3-star | standard | Standard | BB,Ananda Resort,Paro,08276670/77831582,info@anandaresortbhutan.com,https://wa.me/97508276670,https://res.cloudinary.com/dvivq8oji/image/upload/v1774151226/hotels/ananda-resort.jpg,hotels.json + source/library_hotels_rows.csv
764d2696-0d99-4164-8f61-d55bccb44ea9,hotel,5-star | luxury | Standard | BB,Bhuan Venture Hospility Pvt.Ltd (Six Senses),Paro,350827/350772,restm.pro-bhutan@sixsenses.com,,,hotels.json + source/library_hotels_rows.csv
37f7febe-1011-4cd0-9956-c3e3ff9c3972,hotel,3-star | standard | Standard | BB,Bhutan Boutique Residency,Thimphu,17627884,bhutanboutiqueresidency@gmail.com,https://wa.me/97517627884,,hotels.json + source/library_hotels_rows.csv
62336314-c0e6-4191-862d-9571049f37ea,hotel,4-star | premium | Standard | BB,Bhutan Peaceful Residency & Spa,Thimphu,17140222,bhutanpeaceful2022@gmail.com,https://wa.me/97517140222,,hotels.json + source/library_hotels_rows.csv
2b24b3d4-ec49-42a3-ad77-c0e00b92f4a4,hotel,5-star | luxury | Standard | BB,Bhutan Resort Private Ltd(Amankora Resort),Paro,8272333,tnorbu@aman.com,https://wa.me/9758272333,https://res.cloudinary.com/dvivq8oji/image/upload/v1774154071/hotels/bhutan-resort-private-ltdamankora-resort.jpg,hotels.json + source/library_hotels_rows.csv
5f5b40ff-8ee7-437e-a37c-dd1b022c1fac,hotel,5-star | luxury | Standard | BB,Bhutan Resort Private Ltd(Amankora Resort),Bumthang,3631555,cdorji@amanresorts.com,https://wa.me/9753631555,https://res.cloudinary.com/dvivq8oji/image/upload/v1774154071/hotels/bhutan-resort-private-ltdamankora-resort.jpg,hotels.json + source/library_hotels_rows.csv
0e61a941-7008-4468-928b-31d33328c6de,hotel,5-star | luxury | Standard | BB,Bhutan Spirit Sanctuary,Paro,17288066,talent@bhutanspiritsanctuary.com,https://wa.me/97517288066,https://res.cloudinary.com/dvivq8oji/image/upload/v1774148463/hotels/bhutan-spirit-sanctuary.jpg,hotels.json + source/library_hotels_rows.csv
11aecc1e-86df-4432-93d4-2bff7a60dd94,hotel,5-star | luxury | Standard | BB,Bhutan Ventures Hospitality Pvt. Ltd (Six Senses),Wangdue Phodrang,2350775,tshering.phuntsho@sixsenses.com,https://wa.me/9752350775,https://res.cloudinary.com/dvivq8oji/image/upload/v1774162725/hotels/bhutan-ventures-hospitality-pvt-ltd-six-senses.jpg,hotels.json + source/library_hotels_rows.csv
7ac25f05-57ec-48ec-a16f-a6b40d759158,hotel,3-star | standard | Standard | BB,Central Hotel,Chhukha,05252172/177949900,reservation@centralhotelbhutan.com,https://wa.me/97505252172,,hotels.json + source/library_hotels_rows.csv
73a7ab53-dc27-41b4-a220-74c91efdaea5,hotel,3-star | standard | Standard | BB,Chhume Nature Resort,Bumthang,3541176/17114837,chumeynatureresort@yahoo.com,https://wa.me/9753541176,https://res.cloudinary.com/dvivq8oji/image/upload/v1774162648/hotels/chhume-nature-resort.jpg,hotels.json + source/library_hotels_rows.csv
4228088f-8fed-4abf-b473-721e9d7c6c0a,hotel,3-star | standard | Standard | BB,City Hotel,Thimphu,17164142,info@cityhotelthimphu.com,https://wa.me/97517164142,,hotels.json + source/library_hotels_rows.csv
5451b935-632f-464a-83b3-e2d33c6dcfbf,hotel,3-star | standard | Standard | BB,Damchen  Riverside Resort,Punakha,584367/17360545,damchenresorts@gmail.com,,https://res.cloudinary.com/dvivq8oji/image/upload/v1774148536/hotels/damchen-riverside-resort.jpg,hotels.json + source/library_hotels_rows.csv
1f31105d-a936-4cd8-8ccf-de84070765a8,hotel,standard | Standard | BB,Dewaling Hotel,Phuentsholing,,,,https://res.cloudinary.com/dvivq8oji/image/upload/v1774146036/hotels/dewaling-hotel.jpg,hotels.json + source/library_hotels_rows.csv
55fecb4b-1b88-4f3b-ac66-97d87080ee52,hotel,3-star | standard | Standard | BB,Druk Zhongar Hotel,Mongar,04-641587,drukzhongarhotel@gmail.com,https://wa.me/97504641587,https://res.cloudinary.com/dvivq8oji/image/upload/v1774155062/hotels/druk-zhongar-hotel.jpg,hotels.json + source/library_hotels_rows.csv
5e3e3f68-6054-4e43-a2e7-d7540fc8f1c3,hotel,3-star | standard | Standard | BB,Drukgyel View Hotel,Paro,17457938,drukgyelviewhotel@gmail.com,https://wa.me/97517457938,https://res.cloudinary.com/dvivq8oji/image/upload/v1774153777/hotels/drukgyel-view-hotel.jpg,hotels.json + source/library_hotels_rows.csv
700add8e-0815-43d4-a04d-199a32beb67c,hotel,2-star | basic | Standard | BB,Dungsam Hotel,Pemagatshel,17994850,,https://wa.me/97517994850,https://res.cloudinary.com/dvivq8oji/image/upload/v1774155184/hotels/dungsam-hotel.jpg,hotels.json + source/library_hotels_rows.csv
541f35ff-cfde-43c6-a5b2-2d57ac052c15,hotel,5-star | luxury | Standard | BB,Gangtey Lodge,Wangdue Phodrang,77160666/17160666,gm@gangteylodge.com,https://wa.me/97577160666,https://res.cloudinary.com/dvivq8oji/image/upload/v1774148646/hotels/gangtey-lodge.jpg,hotels.json + source/library_hotels_rows.csv
5470d785-e97b-4bc0-afc6-4a5ac82d8313,hotel,3-star | standard | Standard | BB,Gawaling Hotel,Paro,08-276588/17170768,gawalinghotel1@gmail.com,https://wa.me/97508276588,https://res.cloudinary.com/dvivq8oji/image/upload/v1774155510/hotels/gawaling-hotel.jpg,hotels.json + source/library_hotels_rows.csv
02463557-f4c8-4b88-893a-e8d50e84b53e,hotel,3-star | comfort | Standard | BB,Gongkhar Hotel,Bumthang,3631288/17671035,gongkharhotel@gmail.com,https://wa.me/9753631288,https://res.cloudinary.com/dvivq8oji/image/upload/v1774154167/hotels/gongkhar-hotel.jpg,hotels.json + source/library_hotels_rows.csv
4f780a03-d16b-43b5-baef-19a6a5dc357c,hotel,3-star | standard | Standard | BB,Hotel Aari Sangdrup,Paro,17281847,aarisangdruphotel@gmail.com,https://wa.me/97517281847,https://res.cloudinary.com/dvivq8oji/image/upload/v1774153829/hotels/hotel-aari-sangdrup.jpg,hotels.json + source/library_hotels_rows.csv
3a8dae3c-1719-4741-bcca-3e0c3916389c,hotel,2-star | basic | Standard | BB,Hotel Always Welcome,Paro,17170850,,https://wa.me/97517170850,https://res.cloudinary.com/dvivq8oji/image/upload/v1774153865/hotels/hotel-always-welcome.jpg,hotels.json + source/library_hotels_rows.csv
40441dcd-d136-4439-b43f-22c5c8a9c416,hotel,3-star | standard | Standard | BB,Hotel Amochhu View,Chhukha,17602917/05253882,kinleytenzin0288@gmail.com,https://wa.me/97517602917,,hotels.json + source/library_hotels_rows.csv
203bfc76-b509-438c-8273-9d4433a4d4ed,hotel,3-star | standard | Standard | BB,Hotel Amodhara,Thimphu,339609/339612,hotelamodhara@gmail.com,,https://res.cloudinary.com/dvivq8oji/image/upload/v1774151054/hotels/hotel-amodhara.jpg,hotels.json + source/library_hotels_rows.csv
6bfa3491-4fcb-4243-a826-02299ef32ef4,hotel,3-star | standard | Standard | BB,Hotel Bhutan Ga Me Ga,Chhukha,5253064,reservation@bhutangamega.com,https://wa.me/9755253064,https://res.cloudinary.com/dvivq8oji/image/upload/v1774154419/hotels/hotel-bhutan-ga-me-ga.jpg,hotels.json + source/library_hotels_rows.csv
144a532d-695a-469f-b6aa-2049ae66cd14,hotel,3-star | standard | Standard | BB,Hotel Bhutan Home,Thimphu,17609111,hbhthimphu@gmail.com,https://wa.me/97517609111,https://res.cloudinary.com/dvivq8oji/image/upload/v1774152589/hotels/hotel-bhutan-home.jpg,hotels.json + source/library_hotels_rows.csv
43211eaf-967a-45b9-bbea-6423069ceb95,hotel,3-star | standard | Standard | BB,Hotel Bhutan Home,Chhukha,05-253344,hotelbhutanhome@gmail.com,https://wa.me/97505253344,https://res.cloudinary.com/dvivq8oji/image/upload/v1774152589/hotels/hotel-bhutan-home.jpg,hotels.json + source/library_hotels_rows.csv
2d1f82d7-b619-45e8-97c1-08dfbba33c1b,hotel,2-star | basic | Standard | BB,Hotel Bhutan Kubera,Thimphu,17281728,,https://wa.me/97517281728,https://res.cloudinary.com/dvivq8oji/image/upload/v1774152575/hotels/hotel-bhutan-kubera.jpg,hotels.json + source/library_hotels_rows.csv
73a9faae-5a2b-4cdb-a88b-87e0189b88b5,hotel,3-star | standard | Standard | BB,Hotel Changangkha,Thimphu,2333110/17583831,info@hotelchangangkha.com,https://wa.me/9752333110,https://res.cloudinary.com/dvivq8oji/image/upload/v1774152601/hotels/hotel-changangkha.jpg,hotels.json + source/library_hotels_rows.csv
0dd0659e-c812-4130-8054-654145e8565d,hotel,3-star | standard | Standard | BB,Hotel Classic Wood,Punakha,17336921,hotelclassicwood@gmail.com,https://wa.me/97517336921,https://res.cloudinary.com/dvivq8oji/image/upload/v1774153889/hotels/hotel-classic-wood.jpg,hotels.json + source/library_hotels_rows.csv
10f93049-0674-412b-bc7d-6997888f633e,hotel,3-star | standard | Standard | BB,Hotel Damisa,Thimphu,975-329444/331270,,,https://res.cloudinary.com/dvivq8oji/image/upload/v1774156163/hotels/hotel-damisa.jpg,hotels.json + source/library_hotels_rows.csv
0883e41b-72e7-4426-8eb9-d732ce62f6a4,hotel,3-star | standard | Standard | BB,Hotel Druk,Chhukha,05252427/77190042,druk.phuentsholing@drukhotels.com,https://wa.me/97505252427,https://lh3.googleusercontent.com/gps-cs-s/AHVAweoZouN1V1jf-mKaCzaFRH1HoP2Xpw8NNrE8b3se_VXes0Nfilo_KYnrHt17kncATZjmgy5cInz691t7oErEOw0Ag8ig4lCZKDkKSj-VNBnsQvQ6yB-O2iuUIO3wjpCC7R95mi4=w324-h312-n-k-no,hotels.json + source/library_hotels_rows.csv
2d646cb6-a0bc-42be-a49c-8c591db18d79,hotel,3-star | standard | Standard | BB,Hotel Drukchen,Paro,8271660,drukchen123@gmail.com,https://wa.me/9758271660,https://res.cloudinary.com/dvivq8oji/image/upload/v1774148358/hotels/hotel-drukchen.jpg,hotels.json + source/library_hotels_rows.csv
1161b7c3-9ed0-46bb-be3e-0849bdc56aad,hotel,3-star | standard | Standard | BB,Hotel Gadhen Namgayling,Chhukha,05-251637/38,tsheri.ongchuk@gmail.com,https://wa.me/97505251637,https://res.cloudinary.com/dvivq8oji/image/upload/v1774154474/hotels/hotel-gadhen-namgayling.jpg,hotels.json + source/library_hotels_rows.csv
7480c4e5-67e7-4aff-a3db-f94fb1810bf4,hotel,3-star | standard | Standard | BB,Hotel Gakyil,Thimphu,339640,reservation@gakyilbhutan.com,,https://res.cloudinary.com/dvivq8oji/image/upload/v1774156203/hotels/hotel-gakyil.jpg,hotels.json + source/library_hotels_rows.csv
18c363df-b641-4e5a-9d82-1bcb9d44ba14,hotel,3-star | comfort | Standard | BB,Hotel Jakar View,Bumthang,17637241,jakarviewbum@gmail.com,https://wa.me/97517637241,https://res.cloudinary.com/dvivq8oji/image/upload/v1774154179/hotels/hotel-jakar-view.jpg,hotels.json + source/library_hotels_rows.csv
38ee1e26-ae63-4f13-bc7d-d1be946bf90a,hotel,3-star | standard | Standard | BB,Hotel Khuruu Khuruu,Punakha,17315385,hotelkhuruu@gmail.com,https://wa.me/97517315385,https://res.cloudinary.com/dvivq8oji/image/upload/v1774153929/hotels/hotel-khuruu-khuruu.jpg,hotels.json + source/library_hotels_rows.csv
4e036abe-3fb4-4ccc-af83-c9fce16d5fea,hotel,3-star | standard | Standard | BB,Hotel Lhaki,Thimphu,,lhakihotelthimphu@gmail.com,,https://res.cloudinary.com/dvivq8oji/image/upload/v1774150604/hotels/hotel-lhaki.jpg,hotels.json + source/library_hotels_rows.csv
41e7add1-206d-4a39-91eb-7dc1fcd5055d,hotel,3-star | standard | Standard | BB,Hotel Lhayul,Thimphu,17638481/02350898,info@hotellhayul.com,https://wa.me/97517638481,,hotels.json + source/library_hotels_rows.csv
6e08e46a-e6a3-4d08-be66-727b903fa42e,hotel,3-star | standard | Standard | BB,Hotel Lotus Villa,Chhukha,77382518,lotusvilla2022@gmail.com,https://wa.me/97577382518,https://res.cloudinary.com/dvivq8oji/image/upload/v1774154503/hotels/hotel-lotus-villa.jpg,hotels.json + source/library_hotels_rows.csv
06fbc735-df03-4386-ba47-a1cc8bba87e7,hotel,3-star | standard | Standard | BB,Hotel Mayto,Thimphu,77100771,maytohotel1@gmail.com,https://wa.me/97577100771,https://res.cloudinary.com/dvivq8oji/image/upload/v1774148044/hotels/hotel-mayto.jpg,hotels.json + source/library_hotels_rows.csv
2f2239ea-50f6-4a2e-9fc2-7853eef01d50,hotel,3-star | standard | Standard | BB,Hotel Park,Thimphu,17235474/77221003,hotelparkthimphu@gmail.com,https://wa.me/97517235474,,hotels.json + source/library_hotels_rows.csv
3e2e1261-504c-427a-899d-e3e4ffb30ef5,hotel,3-star | standard | Standard | BB,Hotel Peling,Bumthang,3631579/17734824,info.hotelpeling@gmail.com,https://wa.me/9753631579,https://res.cloudinary.com/dvivq8oji/image/upload/v1774154189/hotels/hotel-peling.jpg,hotels.json + source/library_hotels_rows.csv
50bd7c23-1d03-4c52-8f31-80a54c421a77,hotel,3-star | standard | Standard | BB,Hotel Phuntsho Pelri,Thimphu,334970,hotelpp1@gmail.com,,https://res.cloudinary.com/dvivq8oji/image/upload/v1774152801/hotels/hotel-phuntsho-pelri.jpg,hotels.json + source/library_hotels_rows.csv
06bf4676-3090-45ad-a269-415906ed25bc,hotel,3-star | standard | Standard | BB,Hotel River Valley,Punakha,02-584736/17114929,hotelrivervalleypunakha@gmail.com,https://wa.me/97502584736,https://res.cloudinary.com/dvivq8oji/image/upload/v1774153295/hotels/hotel-river-valley.jpg,hotels.json + source/library_hotels_rows.csv
123b11d2-4e9a-42ff-9bfb-ae4c8f08f144,hotel,3-star | standard | Standard | BB,Hotel Riverside Pvt.Ltd,Thimphu,02338525/17563773,hotelriversidebhutan@gmail.com,https://wa.me/97502338525,https://res.cloudinary.com/dvivq8oji/image/upload/v1774152821/hotels/hotel-riverside-pvtltd.jpg,hotels.json + source/library_hotels_rows.csv
76c7a088-d1c3-4b70-8cb8-1543b9a31c6e,hotel,2-star | basic | Standard | BB,Hotel Roja ( RJK Hotel),Punakha,77998403,rjkhotelpunakha@gmail.com,https://wa.me/97577998403,https://res.cloudinary.com/dvivq8oji/image/upload/v1774151498/hotels/hotel-roja-rjk-hotel.jpg,hotels.json + source/library_hotels_rows.csv
0ecdd888-d110-4227-8586-81b93bb278a7,hotel,3-star | standard | Standard | BB,Hotel Samye,Thimphu,17127071/77190270,hotelsamye@gmail.com,https://wa.me/97517127071,,hotels.json + source/library_hotels_rows.csv
737c9fc6-03fc-4860-a397-b180e5a9c5d3,hotel,3-star | standard | Standard | BB,Hotel Thimphu Central,Thimphu,77977444/77977555,hotelthimphucentral@gmail.com,https://wa.me/97577977444,https://res.cloudinary.com/dvivq8oji/image/upload/v1774152856/hotels/hotel-thimphu-central.jpg,hotels.json + source/library_hotels_rows.csv
1d10f0a9-4fb1-47b7-bbd8-d0b6e952855a,hotel,3-star | standard | Standard | BB,Hotel Thimphu Towers,Thimphu,335367,thimphutowers@gmail.com,,https://res.cloudinary.com/dvivq8oji/image/upload/v1774150670/hotels/hotel-thimphu-towers.jpg,hotels.json + source/library_hotels_rows.csv
70d7e1b3-b6dd-474f-8fab-67d423e84f0d,hotel,2-star | basic | Standard | BB,Hotel Zhusa,Punakha,17614064,,https://wa.me/97517614064,https://res.cloudinary.com/dvivq8oji/image/upload/v1774153991/hotels/hotel-zhusa.jpg,hotels.json + source/library_hotels_rows.csv
36a8b660-00cf-44b7-a39c-bfa1b59be1c6,hotel,3-star | standard | Standard | BB,Hotel Zirikha,Thimphu,17171633,reservation@hotelzirikha.com,https://wa.me/97517171633,,hotels.json + source/library_hotels_rows.csv
4ada6241-bce5-4691-962d-e1e8ddde60f3,hotel,3-star | comfort | Standard | BB,Jakar Village Lodge,Bumthang,17171777/631242,jakarvillagelodge@gmail.com,https://wa.me/97517171777,https://res.cloudinary.com/dvivq8oji/image/upload/v1774148708/hotels/jakar-village-lodge.jpg,hotels.json + source/library_hotels_rows.csv
59147315-add8-4fb4-b9a8-45b7e8d2a8c7,hotel,3-star | standard | Standard | BB,Jampelyang Hotel,Haa,8375601,hoteljampelyang@gmail.com,https://wa.me/9758375601,,hotels.json + source/library_hotels_rows.csv
12c4b50d-b2a3-491a-9c70-5764a1653bd5,hotel,4-star | premium | Standard | BB,kaachi Grand,Paro,17537171,hotelkaachigrand@gmail.com,https://wa.me/97517537171,https://res.cloudinary.com/dvivq8oji/image/upload/v1774153344/hotels/kaachi-grand.jpg,hotels.json + source/library_hotels_rows.csv
6ebf0938-e945-4f49-bd43-3d7c95729d6d,hotel,3-star | standard | Standard | BB,Khamsum Inn,Thimphu,77349156/328262/72,khamsuminn@gmail.com,https://wa.me/97577349156,https://res.cloudinary.com/dvivq8oji/image/upload/v1774150902/hotels/khamsum-inn.jpg,hotels.json + source/library_hotels_rows.csv
7105cb80-d5a0-4366-a533-3ca872434c77,hotel,3-star | standard | Standard | BB,Khuru Punakha,Punakha,2584888,khurupunakha@gmail.com,https://wa.me/9752584888,https://res.cloudinary.com/dvivq8oji/image/upload/v1774151517/hotels/khuru-punakha.jpg,hotels.json + source/library_hotels_rows.csv
24dee3d3-7b32-4120-8954-696774e1c721,hotel,3-star | standard | Standard | BB,Kuku Grand,Sarpang,17440595,reservationkukugrand@gmail.com,https://wa.me/97517440595,,hotels.json + source/library_hotels_rows.csv
406b6e0b-3f2c-4e73-9c3a-95b477a27f61,hotel,2-star | basic | Standard | BB,Lama Residency,Sarpang,17255610,,https://wa.me/97517255610,https://res.cloudinary.com/dvivq8oji/image/upload/v1774155386/hotels/lama-residency.jpg,hotels.json + source/library_hotels_rows.csv
153ad99a-ecae-4091-a789-b72d018d938a,hotel,2-star | basic | Standard | BB,Leki Guest House,Bumthang,17172094,,https://wa.me/97517172094,https://res.cloudinary.com/dvivq8oji/image/upload/v1774154218/hotels/leki-guest-house.jpg,hotels.json + source/library_hotels_rows.csv
106da387-6ec9-4b8b-82f1-e1a1ae4224f4,hotel,4-star | premium | Standard | BB,Lemon Tree Hotel,Thimphu,2365262,urth@lemontreehotels.com,https://wa.me/9752365262,https://res.cloudinary.com/dvivq8oji/image/upload/v1774148059/hotels/lemon-tree-hotel.jpg,hotels.json + source/library_hotels_rows.csv
09643e18-4fab-4413-a16b-35281d450811,hotel,3-star | standard | Standard | BB,Ludrong Hotel,Thimphu,02345678/17636314,ludronghotel@gmail.com,https://wa.me/97502345678,https://res.cloudinary.com/dvivq8oji/image/upload/v1774156731/hotels/ludrong-hotel.jpg,hotels.json + source/library_hotels_rows.csv
323269a1-ffc7-4a8f-8abe-7aba41893de3,hotel,1-star | basic | Standard | BB,Maitri Hotel,Samtse,17680136,geleywangmochunzo2020@gmail.com,https://wa.me/97517680136,https://res.cloudinary.com/dvivq8oji/image/upload/v1774155260/hotels/maitri-hotel.jpg,hotels.json + source/library_hotels_rows.csv
1182a015-4dd1-4113-a20d-a24720d85784,hotel,3-star | standard | Standard | BB,Mandala Resort,Paro,08271997/17110542,bhutanmandalaresort@gmail.com,https://wa.me/97508271997,https://lh3.googleusercontent.com/gps-proxy/ALd4DhHawdLzEafY0sf5X8dqH_8GyqZzV75yvc6qfuzck6fCNZ80BscUTcFYjy1wR1k79y7RbRfWlMxESfZEhNOkIUufhiBem9hP33xUL6EzMqf5xoxRapOxUo0oQZUjzEunljlwMH13c76sSYDkUS8p-3r1_-UsNfAb3STt5Kr21_llE5ZNt72kaVSu=w324-h312-n-k-no,hotels.json + source/library_hotels_rows.csv
6a39bdcc-0dcd-47a9-9d50-6c09a247b451,hotel,3-star | standard | Standard | BB,Mantra Home,Thimphu,17100111,mantrahomefo@gmail.com,https://wa.me/97517100111,https://res.cloudinary.com/dvivq8oji/image/upload/v1774152915/hotels/mantra-home.jpg,hotels.json + source/library_hotels_rows.csv
19b80b6a-df45-4a5b-baa1-304125cb81ea,hotel,3-star | standard | Standard | BB,Mountain Resort,Bumthang,03631225/17670668,mtlodge90@gmail.com,https://wa.me/97503631225,https://res.cloudinary.com/dvivq8oji/image/upload/v1774148694/hotels/mountain-resort.jpg,hotels.json + source/library_hotels_rows.csv
259cf708-ef84-467b-8034-59cdad0f4136,hotel,2-star | basic | Standard | BB,Norbu Healing Hotel,Thimphu,17638417,,https://wa.me/97517638417,,hotels.json + source/library_hotels_rows.csv
15b3e29e-4cea-439c-9dea-f0df137f0836,hotel,3-star | standard | Standard | BB,Norwangs Villa,Paro,08271101/17991346,norwangsvilla@gmail.com,https://wa.me/97508271101,https://res.cloudinary.com/dvivq8oji/image/upload/v1774153596/hotels/norwangs-villa.jpg,hotels.json + source/library_hotels_rows.csv
42566abd-732b-4145-8861-7d86e5bfc85e,hotel,2-star | basic | Standard | BB,Odiyana Hotel,Wangdue Phodrang,17683664,odiyanahotel@gmail.com,https://wa.me/97517683664,,hotels.json + source/library_hotels_rows.csv
65775643-2992-4053-bda7-238a0d4de73b,hotel,3-star | standard | Standard | BB,Olathang Cottages,Paro,08-276581/17474725,olathangcottages@gmail.com,https://wa.me/97508276581,https://res.cloudinary.com/dvivq8oji/image/upload/v1774148328/hotels/olathang-cottages.jpg,hotels.json + source/library_hotels_rows.csv
18984fbf-3ca6-458d-8240-11a38eade01c,hotel,3-star | standard | Standard | BB,Padma Gayul resort,Paro,17608935,peabhutan@gmail.com,https://wa.me/97517608935,https://res.cloudinary.com/dvivq8oji/image/upload/v1774153656/hotels/padma-gayul-resort.jpg,hotels.json + source/library_hotels_rows.csv
77ef1824-af4e-4a8c-a018-e9ce71512383,hotel,3-star | standard | Standard | BB,Park Hotel,Chhukha,17161067/17161068,reservations@parkhotelbhutan.com,https://wa.me/97517161067,https://res.cloudinary.com/dvivq8oji/image/upload/v1774154606/hotels/park-hotel.jpg,hotels.json + source/library_hotels_rows.csv
0d75e834-d509-46d9-a688-8a63cf29d044,hotel,3-star | standard | Standard | BB,Paro Heritage,Paro,17758800,,https://wa.me/97517758800,https://res.cloudinary.com/dvivq8oji/image/upload/v1774148517/hotels/paro-heritage.jpg,hotels.json + source/library_hotels_rows.csv
204d852e-de29-4c14-b724-72e3961bd3fa,hotel,3-star | standard | Standard | BB,Paro Village Lodge(Himalayan Hotels & Lodges Pvt.Ltd),Paro,332959,reservations@hhlbhutan.com,,,hotels.json + source/library_hotels_rows.csv
4cfe1e01-f760-407b-896d-6667de1bc87b,hotel,3-star | standard | Standard | BB,Pema Yangsel Hotel,Paro,77830163/17471717/1749853/17954478,hotelpemayangsel@gmail.com,https://wa.me/97577830163,https://res.cloudinary.com/dvivq8oji/image/upload/v1774151288/hotels/pema-yangsel-hotel.jpg,hotels.json + source/library_hotels_rows.csv
44e54764-3b1e-4ab2-9be6-92b090f08ac6,hotel,4-star | premium | Standard | BB,Resort Thim Dorji @ Paro river front,Paro,17755898,resortthimdorjigm@gmail.com,https://wa.me/97517755898,,hotels.json + source/library_hotels_rows.csv
07e67658-0dc8-401c-a104-c1efc575e535,hotel,3-star | comfort | Standard | BB,River Lodge,Bumthang,17677252,riverlodge20@gmil.com,https://wa.me/97517677252,https://res.cloudinary.com/dvivq8oji/image/upload/v1774154281/hotels/river-lodge.jpg,hotels.json + source/library_hotels_rows.csv
3c7a09ef-c864-4893-817d-7a18f7cf1f95,hotel,3-star | standard | Standard | BB,Shomo Chuki Resort,Paro,17843408/276426,shomochukiresort2021@gmail.com,https://wa.me/97517843408,,hotels.json + source/library_hotels_rows.csv
161f7a54-f5c1-4b9f-8698-c3cf3bcebcae,hotel,standard | Standard | BB,Sliver  Pine Boutique,Thimphu,,,,,hotels.json + source/library_hotels_rows.csv
6e52644c-0e38-421a-adbf-5b28e3dc8dfb,hotel,3-star | standard | Standard | BB,Spirit of Bhutan Resort,Paro,17170388/276375/76,,https://wa.me/97517170388,https://res.cloudinary.com/dvivq8oji/image/upload/v1774151272/hotels/spirit-of-bhutan-resort.jpg,hotels.json + source/library_hotels_rows.csv
6fe8d949-c759-4ee6-b002-af16ff50f9d4,hotel,3-star | standard | Standard | BB,Spirit Village Lodge,Punakha,17170388/17621623,spiritvillagelodge@gmail.com,https://wa.me/97517170388,https://res.cloudinary.com/dvivq8oji/image/upload/v1774151442/hotels/spirit-village-lodge.jpg,hotels.json + source/library_hotels_rows.csv
24a51666-c3ae-4a43-80cd-23bbdd9cd965,hotel,3-star | standard | Standard | BB,Taktshang Paradise,Paro,17311680,taktshangparadise@gmail.com,https://wa.me/97517311680,https://res.cloudinary.com/dvivq8oji/image/upload/v1774151187/hotels/taktshang-paradise.jpg,hotels.json + source/library_hotels_rows.csv
2b8e18e2-70cd-4bb9-a814-f18c489043b1,hotel,standard | Standard | BB,Teenzlite,Paro,,,,https://res.cloudinary.com/dvivq8oji/image/upload/v1774151250/hotels/teenzlite.jpg,hotels.json + source/library_hotels_rows.csv
77227a5e-8981-4e6a-9c3e-1a117353c25f,hotel,3-star | standard | Standard | BB,The BD Hotel,Thimphu,17602220,bdbhutan@gmail.com,https://wa.me/97517602220,https://res.cloudinary.com/dvivq8oji/image/upload/v1774153218/hotels/the-bd-hotel.jpg,hotels.json + source/library_hotels_rows.csv
0d377fbf-5b48-48b5-941c-f36c2cb97b3c,hotel,3-star | standard | Standard | BB,Thimphu Deluxe,Thimphu,17310086,rekha@neoly.enterprises,https://wa.me/97517310086,https://res.cloudinary.com/dvivq8oji/image/upload/v1774150808/hotels/thimphu-deluxe.jpg,hotels.json + source/library_hotels_rows.csv
030dcf19-1893-492b-b1c3-c14bcfa63f86,hotel,2-star | basic | Standard | BB,Tobgayling Mebar Heritage,Haa,17922151,,https://wa.me/97517922151,https://res.cloudinary.com/dvivq8oji/image/upload/v1774155043/hotels/tobgayling-mebar-heritage.png,hotels.json + source/library_hotels_rows.csv
31047d65-ca59-489e-9936-846783eea98c,hotel,3-star | comfort | Standard | BB,Trogon Villa,Mongar,05332302/77110133,rogonvillareservations@gmail.com,https://wa.me/97505332302,https://res.cloudinary.com/dvivq8oji/image/upload/v1774155075/hotels/trogon-villa.jpg,hotels.json + source/library_hotels_rows.csv
5bc02356-2cc1-481c-beb3-131b2d605709,hotel,3-star | standard | Standard | BB,Udumwara Resort,Paro,8273333/77477777,udumwararesortparo@gmail.com,https://wa.me/9758273333,https://res.cloudinary.com/dvivq8oji/image/upload/v1774151201/hotels/udumwara-resort.jpg,hotels.json + source/library_hotels_rows.csv
0e84cdac-80c0-4ae3-b1b8-e4193a44ac86,hotel,3-star | standard | Standard | BB,Ugyenling(BTCL),Bumthang,3631369/17710081,hotelugyenling@gmail.com,https://wa.me/9753631369,,hotels.json + source/library_hotels_rows.csv
2e2eb384-6e56-489b-8893-2d6a8a640f0d,hotel,5-star | luxury | Standard | BB,"Uma Hotel and Resort, Bhutan Eco Ventures Pvt. Ltd",Punakha,584646/08271597,uma.punakha@comohotels.com,,https://res.cloudinary.com/dvivq8oji/image/upload/v1774148550/hotels/uma-hotel-and-resort-bhutan-eco-ventures-pvt-ltd.jpg,hotels.json + source/library_hotels_rows.csv
43c46bb9-ef85-4361-a39a-6b0a2b500f5d,hotel,5-star | luxury | Standard | BB,"Uma Hotel and Resort, Bhutan Eco Ventures Pvt. Ltd",Paro,08-271597,res.uma.bhutan@comohotels.com,https://wa.me/97508271597,https://res.cloudinary.com/dvivq8oji/image/upload/v1774148550/hotels/uma-hotel-and-resort-bhutan-eco-ventures-pvt-ltd.jpg,hotels.json + source/library_hotels_rows.csv
61d60623-84e4-4d41-afb3-998333c411a7,hotel,3-star | standard | Standard | BB,Wangchuk Hotel,Mongar,04641522/17333498,mongar@wangchukhotel.com,https://wa.me/97504641522,https://res.cloudinary.com/dvivq8oji/image/upload/v1774155110/hotels/wangchuk-hotel.jpg,hotels.json + source/library_hotels_rows.csv
06302b4e-20a1-49c7-912c-6e36366f2530,hotel,1-star | basic | Standard | BB,Wangjur Food and Lodging,Pemagatshel,,,,https://res.cloudinary.com/dvivq8oji/image/upload/v1774155228/hotels/wangjur-food-and-lodging.jpg,hotels.json + source/library_hotels_rows.csv
4e361328-1a85-4ef0-a60a-f89b937d81c2,hotel,5-star | luxury | Standard | BB,Yarkay Ihcl SeleQtions,Thimphu,02-339988,d2tbfo@dusit.com,https://wa.me/97502339988,https://res.cloudinary.com/dvivq8oji/image/upload/v1774153275/hotels/yarkay-ihcl-seleqtions.jpg,hotels.json + source/library_hotels_rows.csv
1242c57f-779e-42ef-ae8c-49d0f74f8b1a,hotel,3-star | standard | Standard | BB,Zeebar Resort,Samtse,05-365930,zeebarresort@gmail.com,https://wa.me/97505365930,,hotels.json + source/library_hotels_rows.csv
1bbc8cff-ed61-4ded-81e0-8d1d6c1b6122,hotel,5-star | luxury | Standard | BB,Zhiwa Ling Heritage,Paro,8271277/77482059,info@zhiwaling.com,https://wa.me/9758271277,https://res.cloudinary.com/dvivq8oji/image/upload/v1774148222/hotels/zhiwa-ling-heritage.jpg,hotels.json + source/library_hotels_rows.csv
71dcc0b6-ef3b-4161-bc0b-66249529015d,hotel,4-star | premium | Standard | BB,Zhiwaling Ascent,Thimphu,336491/336480,ascentgm@zhiwalingascent.com,,https://res.cloudinary.com/dvivq8oji/image/upload/v1774147992/hotels/zhiwaling-ascent.jpg,hotels.json + source/library_hotels_rows.csv
homestay-25,homestay,DOT certified VHS | 4 rooms | 8 beds,Bagos (Chencho) Homestay,Gasa,17817425,,https://wa.me/97517817425,,homestays.json
homestay-69,homestay,DOT certified VHS | 3 rooms | 6 beds,Bara Homestay,Paro,17710171,somyanday@gmail.com,https://wa.me/97517710171,,homestays.json
homestay-45,homestay,DOT certified VHS | 3 rooms | 6 beds,Bumpa Dema Homestay,Lhuentse,77714102 / 17303515,,https://wa.me/97577714102,,homestays.json
homestay-23,homestay,DOT certified VHS | 4 rooms | 8 beds,Chador Zangmo Homestay,Gasa,17422868,,https://wa.me/97517422868,,homestays.json
homestay-74,homestay,DOT certified VHS | 4 rooms | 8 beds,Chechey Homestay,Punakha,17545898,,https://wa.me/97517545898,,homestays.json
homestay-63,homestay,DOT certified VHS | 4 rooms | 7 beds,Chencho Dema Homestay,Paro,17675757,chenchodema5757@gmail.com,https://wa.me/97517675757,,homestays.json
homestay-68,homestay,DOT certified VHS | 1 rooms | 1 beds,Chencho Dorji Homestay,Paro,17824314,nchoki@yahoo.com,https://wa.me/97517824314,,homestays.json
homestay-34,homestay,DOT certified VHS | 4 rooms | 8 beds,Chhimmi Homestay,Haa,77240938,,https://wa.me/97577240938,,homestays.json
homestay-72,homestay,DOT certified VHS | 3 rooms | 6 beds,Chimi Lhakhang Homestay,Punakha,17851311,dagozam07@gmail.com,https://wa.me/97517851311,,homestays.json
homestay-75,homestay,DOT certified VHS | 3 rooms | 6 beds,Chimi Wangmo Homestay,Punakha,77606530,,https://wa.me/97577606530,,homestays.json
homestay-42,homestay,DOT certified VHS | 2 rooms | 4 beds,Chimi Yuden Homestay,Lhuentse,17576688,,https://wa.me/97517576688,,homestays.json
homestay-30,homestay,DOT certified VHS | 4 rooms | 8 beds,Choden Homestay,Haa,17657450,,https://wa.me/97517657450,,homestays.json
homestay-91,homestay,DOT certified VHS | 5 rooms | 10 beds,Chorten Dendup Homestay,Trashi Yangtse,17701156,,https://wa.me/97517701156,,homestays.json
homestay-124,homestay,DOT licensed (portal) | 3 rooms,Damchi Homestay,"Damchi / Kabjisa, Punakha",77212308,Kinleydema205@gmail.com,https://services.bhutan.travel/search/homestay/damchi-homestay,,homestays.json
homestay-38,homestay,DOT certified VHS | 4 rooms | 8 beds,Damcho Pem Homestay,Haa,17628873 / 17648468,,https://wa.me/97517628873,,homestays.json
homestay-95,homestay,DOT certified VHS | 3 rooms | 6 beds,Dawa Lham Homestay,Wangdue Phodrang,17845863,,https://wa.me/97517845863,,homestays.json
homestay-4,homestay,DOT certified VHS | 2 rooms | 4 beds,Dechen Gawa Homestay,Bumthang,17291600,bumthangchakhar@gmail.com,https://wa.me/97517291600,,homestays.json
homestay-12,homestay,DOT certified VHS | 4 rooms | 8 beds,Dechen Homestay,Bumthang,17917619 / 17383434,,https://wa.me/97517917619,,homestays.json
homestay-96,homestay,DOT certified VHS | 2 rooms | 4 beds,Dechen Om Homestay,Wangdue Phodrang,17870644,,https://wa.me/97517870644,,homestays.json
homestay-119,homestay,DOT certified VHS | 5 rooms | 10 beds,Dechen Peldon Homestay,Wangdue Phodrang,17527214,,https://wa.me/97517527214,,homestays.json
homestay-56,homestay,DOT certified VHS | 3 rooms | 6 beds,Deki Homestay,Paro,17610851,,https://wa.me/97517610851,,homestays.json
homestay-51,homestay,DOT certified VHS | 4 rooms | 8 beds,Deki Peldon Homestay,Lhuentse,17814374,,https://wa.me/97517814374,,homestays.json
homestay-18,homestay,DOT certified VHS | 3 rooms | 6 beds,Dekis Homestay,Chhukha,77678937,,https://wa.me/97577678937,,homestays.json
homestay-62,homestay,DOT certified VHS | 4 rooms | 8 beds,Dema Homestay,Paro,17628150,,https://wa.me/97517628150,,homestays.json
homestay-103,homestay,DOT certified VHS | 2 rooms | 4 beds,Dophu Wangmo Homestay,Wangdue Phodrang,17749283,,https://wa.me/97517749283,,homestays.json
homestay-70,homestay,DOT certified VHS | 3 rooms | 6 beds,Dorji Dema Homestay,Paro,17791416,sherabdorjee76@gmail.com,https://wa.me/97517791416,,homestays.json
homestay-104,homestay,DOT certified VHS | 3 rooms | 6 beds,Dorji Om Homestay,Wangdue Phodrang,17964102 / 77875586,,https://wa.me/97517964102,,homestays.json
homestay-94,homestay,DOT certified VHS | 3 rooms | 6 beds,Dorji Tse Homestay,Trongsa,77619923,tshodee90@gmail.com,https://wa.me/97577619923,,homestays.json
homestay-2,homestay,DOT certified VHS | 4 rooms | 8 beds,Dorjibee (Ugyen Lhamo) Homestay,Bumthang,77661132,chimmidelker88@gmail.com,https://wa.me/97577661132,,homestays.json
homestay-86,homestay,DOT certified VHS | 2 rooms | 4 beds,FAM Heritage Homestay,Punakha,17619962,tdorjinsb@gmail.com,https://wa.me/97517619962,,homestays.json
homestay-16,homestay,DOT certified VHS | 1 rooms | 2 beds,Gangkhap Homestay,Chhukha,77700153,,https://wa.me/97577700153,,homestays.json
homestay-57,homestay,DOT certified VHS | 3 rooms | 6 beds,Gatana Homestay,Paro,17580425,,https://wa.me/97517580425,,homestays.json
homestay-66,homestay,DOT certified VHS | 3 rooms | 6 beds,Gensa Homestay,Paro,17614157,,https://wa.me/97517614157,,homestays.json
homestay-105,homestay,DOT certified VHS | 4 rooms | 8 beds,Gyelmo Homestay,Wangdue Phodrang,17970585,,https://wa.me/97517970585,,homestays.json
homestay-77,homestay,DOT certified VHS | 3 rooms | 8 beds,Happiness Field Homestay,Punakha,17609998,yangchenkarma698@gmail.com,https://wa.me/97517609998,,homestays.json
homestay-33,homestay,DOT certified VHS | 3 rooms | 6 beds,Jam Tshering Homestay,Haa,17617782,,https://wa.me/97517617782,,homestays.json
homestay-92,homestay,DOT certified VHS | 4 rooms | 8 beds,Jigme Tenzin Homestay,Trashi Yangtse,17714103,,https://wa.me/97517714103,,homestays.json
homestay-21,homestay,DOT certified VHS | 2 rooms | 4 beds,Karma Homestay,Dagana,17691632,,https://wa.me/97517691632,,homestays.json
homestay-98,homestay,DOT certified VHS | 2 rooms | 4 beds,Karma Homestay,Wangdue Phodrang,17683831,klley89@gmail.com,https://wa.me/97517683831,,homestays.json
homestay-97,homestay,DOT certified VHS | 5 rooms | 10 beds,Karma Wangmo Homestay,Wangdue Phodrang,17683831 / 77234698,karmawangmohomestay@gmail.com,https://services.bhutan.travel/search/homestay/karma-wangmo-village-homestay-1,,homestays.json
homestay-24,homestay,DOT certified VHS | 4 rooms | 8 beds,Karma Yuden Homestay,Gasa,17408142,,https://wa.me/97517408142,,homestays.json
homestay-19,homestay,DOT certified VHS | 1 rooms | 2 beds,Kaydee Homestay,Chhukha,17589430,,https://wa.me/97517589430,,homestays.json
homestay-37,homestay,DOT certified VHS | 3 rooms | 6 beds,Kelzang Dawa Homestay,Haa,17610449,,https://wa.me/97517610449,,homestays.json
homestay-58,homestay,DOT certified VHS | 3 rooms | 6 beds,Kinley Lhamo Homestay,Paro,17609123,,https://wa.me/97517609123,,homestays.json
homestay-125,homestay,DOT licensed (portal) | 3 rooms,Kinley Om Homestay,Punakha,17775611,omkinley493@gmail.com,https://services.bhutan.travel/search/homestay/kinley-om-homestay,,homestays.json
homestay-29,homestay,DOT certified VHS | 3 rooms | 6 beds,Kinley Wangchuk Homestay,Haa,17654981,,https://wa.me/97517654981,,homestays.json
homestay-32,homestay,DOT certified VHS | 4 rooms | 8 beds,Kinley Wangmo Homestay,Haa,17810332,,https://wa.me/97517810332,,homestays.json
homestay-50,homestay,DOT certified VHS | 4 rooms | 8 beds,Kinzang Tobgay Homestay,Lhuentse,17626618,,https://wa.me/97517626618,,homestays.json
homestay-102,homestay,DOT certified VHS | 3 rooms | 6 beds,Kuenzang Choeling Homestay,Wangdue Phodrang,17364619 / 77379375,passangzangmo@gmail.com,https://wa.me/97517364619,,homestays.json
homestay-116,homestay,DOT certified VHS | 4 rooms | 8 beds,Kumbu Lhamo Homestay,Wangdue Phodrang,77807211,,https://wa.me/97577807211,,homestays.json
homestay-73,homestay,DOT certified VHS | 3 rooms | 6 beds,Lala Homestay,Punakha,17660506,,https://wa.me/97517660506,,homestays.json
homestay-76,homestay,DOT certified VHS | 4 rooms | 8 beds,Leki Wangmo Homestay,Punakha,17615212,,https://wa.me/97517615212,,homestays.json
homestay-8,homestay,DOT certified VHS | 2 rooms | 4 beds,Lemo Homestay,Bumthang,17670870,,https://wa.me/97517670870,,homestays.json
homestay-31,homestay,DOT certified VHS | 3 rooms | 6 beds,Lhaki Homestay,Haa,77639036,,https://wa.me/97577639036,,homestays.json
homestay-106,homestay,DOT certified VHS | 5 rooms | 10 beds,Lhakpa Homestay,Wangdue Phodrang,17518940,,https://wa.me/97517518940,,homestays.json
homestay-17,homestay,DOT certified VHS | 2 rooms | 4 beds,Lhamo Homestay,Chhukha,17933178,,https://wa.me/97517933178,,homestays.json
homestay-85,homestay,DOT certified VHS | 3 rooms | 6 beds,Lotay Gyeltshen Homestay,Punakha,17619315,,https://wa.me/97517619315,,homestays.json
homestay-83,homestay,DOT certified VHS | 3 rooms | 6 beds,Mendelgang Heritage Homestay,Punakha,17603474,mendegangheritagehome@gmail.com,https://wa.me/97517603474,,homestays.json
homestay-79,homestay,DOT certified VHS | 5 rooms | 7 beds,Mendrelgang Homestay,Punakha,77469174,,https://wa.me/97577469174,,homestays.json
homestay-87,homestay,DOT certified VHS | 3 rooms | 6 beds,Merak Homestay,Trashigang,17745042,,https://wa.me/97517745042,,homestays.json
homestay-88,homestay,DOT certified VHS | 3 rooms | 6 beds,Naktsang Homestay (Rangshikhar),Trashigang,17116766,dek_pel@yahoo.com,https://wa.me/97517116766,,homestays.json
homestay-22,homestay,DOT certified VHS | 4 rooms | 8 beds,Namgay Homestay,Gasa,17537744,,https://wa.me/97517537744,,homestays.json
homestay-28,homestay,DOT certified VHS | 3 rooms | 6 beds,Namgay Wangmo Homestay,Haa,77448319,,https://wa.me/97577448319,,homestays.json
homestay-46,homestay,DOT certified VHS | 2 rooms | 4 beds,Namgay Zam Homestay,Lhuentse,17788383,,https://wa.me/97517788383,,homestays.json
homestay-80,homestay,DOT certified VHS | 3 rooms | 6 beds,Namgay Zam Homestay,Punakha,17843335,tenzinom1995@gmail.com,https://wa.me/97517843335,,homestays.json
homestay-14,homestay,DOT certified VHS | 3 rooms | 6 beds,Ngawang Homestay,Bumthang,17622222 / 17345565,Aimhightour1762@gmai.com,https://wa.me/97517622222,,homestays.json
homestay-43,homestay,DOT certified VHS | 3 rooms | 6 beds,Norbu Homestay,Lhuentse,17310774,,https://wa.me/97517310774,,homestays.json
homestay-44,homestay,DOT certified VHS | 2 rooms | 4 beds,Norbu Lhaden Homestay,Lhuentse,17700848 / 17932885,,https://wa.me/97517700848,,homestays.json
homestay-65,homestay,DOT certified VHS | 3 rooms | 6 beds,Paro Kichu Homestay,Paro,17620695,killaychoki@gmail.com,https://wa.me/97517620695,,homestays.json
homestay-60,homestay,DOT certified VHS | 4 rooms | 8 beds,Paro Penlop Heritage Homestay,Paro,17622667,,https://wa.me/97517622667,,homestays.json
homestay-53,homestay,DOT certified VHS | 3 rooms | 6 beds,Paro Village View Homestay,Paro,77210636,,https://wa.me/97577210636,,homestays.json
homestay-100,homestay,DOT certified VHS | 4 rooms | 8 beds,Passang Zam Homestay,Wangdue Phodrang,17443219,passanghomestay@gmail.com,https://wa.me/97517443219,,homestays.json
homestay-107,homestay,DOT certified VHS | 5 rooms | 10 beds,Pem Homestay,Wangdue Phodrang,17736941,,https://wa.me/97517736941,,homestays.json
homestay-36,homestay,DOT certified VHS | 3 rooms | 6 beds,Pema Dema Homestay,Haa,77209984,,https://wa.me/97577209984,,homestays.json
homestay-1,homestay,DOT certified VHS | 5 rooms | 10 beds,Pema Lhazom Homestay,Bumthang,17292177,pemalhazom51@gmail.com,https://wa.me/97517292177,,homestays.json
homestay-71,homestay,DOT certified VHS | 3 rooms | 6 beds,Pema Wangchuk Homestay,Paro,77368059 / 17982509,,https://wa.me/97577368059,,homestays.json
homestay-84,homestay,DOT certified VHS | 2 rooms | 4 beds,Pema Zangmo Homestay,Punakha,17475742,,https://wa.me/97517475742,,homestays.json
homestay-118,homestay,DOT certified VHS | 3 rooms | 6 beds,Pemba Homestay,Wangdue Phodrang,17734049 / 17447754,peewang312@yahoo.com,https://wa.me/97517734049,,homestays.json
homestay-27,homestay,DOT certified VHS | 2 rooms | 4 beds,Phub Dem Homestay,Haa,77250421,,https://wa.me/97577250421,,homestays.json
homestay-108,homestay,DOT certified VHS | 3 rooms | 6 beds,Phub Gyeltshen Homestay,Wangdue Phodrang,77343118 / 17879831,,https://wa.me/97577343118,,homestays.json
homestay-109,homestay,DOT certified VHS | 3 rooms | 6 beds,Phub Lham Homestay,Wangdue Phodrang,17512152 / 77890836,Dechenma604@gmail.com,https://wa.me/97517512152,,homestays.json
homestay-110,homestay,DOT certified VHS | 5 rooms | 10 beds,Phub Lhamo Homestay,Wangdue Phodrang,77376000,,https://wa.me/97577376000,,homestays.json
homestay-41,homestay,DOT certified VHS | 3 rooms | 6 beds,Rinchen Yangtsho Homestay,Lhuentse,17813058,,https://wa.me/97517813058,,homestays.json
homestay-6,homestay,DOT certified VHS | 2 rooms | 4 beds,Sangay Dawa Homestay,Bumthang,77351570,,https://wa.me/97577351570,,homestays.json
homestay-127,homestay,DOT licensed (portal) | 4 rooms,Sangay Dema Home Stay,"Merak / Gengu, Trashigang",17261119,tashidorji1119@gmail.com,https://services.bhutan.travel/search/homestay/sangay-dema-home-stay,,homestays.json
homestay-67,homestay,DOT certified VHS | 3 rooms | 6 beds,Sangay Homestay,Paro,17969145,,https://wa.me/97517969145,,homestays.json
homestay-20,homestay,DOT certified VHS | 2 rooms | 4 beds,Sangay Lhaden Homestay,Dagana,17538263 / 17937371,,https://wa.me/97517538263,,homestays.json
homestay-111,homestay,DOT certified VHS | 2 rooms | 4 beds,Shakar Homestay,Wangdue Phodrang,77422570 / 17754508,Dekigawa995@gmail.com,https://wa.me/97577422570,,homestays.json
homestay-3,homestay,DOT certified VHS | 4 rooms | 8 beds,Sherab Doma Homestay,Bumthang,17723673,kamdex@gmail.com,https://wa.me/97517723673,,homestays.json
homestay-101,homestay,DOT certified VHS | 5 rooms | 10 beds,Sigay Homestay,Wangdue Phodrang,17995496 / 17841894,,https://wa.me/97517995496,,homestays.json
homestay-90,homestay,DOT certified VHS | 3 rooms | 3 beds,Sisina Homestay,Thimphu,17902417,,https://wa.me/97517902417,,homestays.json
homestay-82,homestay,DOT certified VHS | 3 rooms | 6 beds,Sonam Chenzom Homestay,Punakha,17605948,kinleyd2014@gmail.com,https://wa.me/97517605948,,homestays.json
homestay-15,homestay,DOT certified VHS | 4 rooms | 8 beds,Sonam Choki Homestay,Chhukha,17986512,,https://wa.me/97517986512,,homestays.json
homestay-122,homestay,DOT certified VHS | 4 rooms | 8 beds,Sonam Yangzom Homestay,Zhemgang,17878185,,https://wa.me/97517878185,,homestays.json
homestay-99,homestay,DOT certified VHS | 4 rooms | 8 beds,Sonam Yuden Homestay,Wangdue Phodrang,17625853,,https://wa.me/97517625853,,homestays.json
homestay-48,homestay,DOT certified VHS | 2 rooms | 4 beds,Sonam Zangmo Homestay,Lhuentse,17380638,,https://wa.me/97517380638,,homestays.json
homestay-49,homestay,DOT certified VHS | 3 rooms | 6 beds,Tashi Chozom Homestay,Lhuentse,17788394,,https://wa.me/97517788394,,homestays.json
homestay-26,homestay,DOT certified VHS | 4 rooms | 8 beds,Tashi Dechiling Homestay,Gasa,17696921,sonamyounten87@gmail.com,https://wa.me/97517696921,,homestays.json
homestay-61,homestay,DOT certified VHS | 2 rooms | 4 beds,Tashi Lhamo Homestay,Paro,17666293,,https://wa.me/97517666293,,homestays.json
homestay-47,homestay,DOT certified VHS | 2 rooms | 4 beds,Tashi Pelmo Homestay,Lhuentse,17695200,,https://wa.me/97517695200,,homestays.json
homestay-10,homestay,DOT certified VHS | 4 rooms | 8 beds,Tashi Wangmo / Ura (VHS),Bumthang,77639828 / 17639828,,https://wa.me/97577639828,,homestays.json
homestay-55,homestay,DOT certified VHS | 2 rooms | 3 beds,Terton Sherab Maebar Homestay,Paro,17841344,,https://wa.me/97517841344,,homestays.json
homestay-78,homestay,DOT certified VHS | 3 rooms | 6 beds,Thinley Wangmo Homestay,Punakha,17659143,,https://wa.me/97517659143,,homestays.json
homestay-93,homestay,DOT certified VHS | 3 rooms | 6 beds,Thukten Tshering Homestay,Trashi Yangtse,17659821,,https://wa.me/97517659821,,homestays.json
homestay-117,homestay,DOT certified VHS | 3 rooms | 6 beds,Tokha Menchu Homestay,Wangdue Phodrang,17512512 / 17253939,,https://wa.me/97517512512,,homestays.json
homestay-64,homestay,DOT certified VHS | 4 rooms | 8 beds,Travellers Homestay,Paro,17604517,,https://wa.me/97517604517,,homestays.json
homestay-120,homestay,DOT certified VHS | 2 rooms | 4 beds,Tsewang Buthri Homestay,Zhemgang,17545152,sonamyaden102@gmail.com,https://wa.me/97517545152,,homestays.json
homestay-59,homestay,DOT certified VHS | 4 rooms | 8 beds,Tshering Homestay,Paro,17687642,,https://wa.me/97517687642,,homestays.json
homestay-112,homestay,DOT certified VHS | 3 rooms | 6 beds,Tshering Lhamo Homestay,Wangdue Phodrang,17846102,Yeegadema123@gmail.com,https://wa.me/97517846102,,homestays.json
homestay-40,homestay,DOT certified VHS | 5 rooms | 10 beds,Tshering Mo Homestay,Lhuentse,17576688,,https://wa.me/97517576688,,homestays.json
homestay-121,homestay,DOT certified VHS | 3 rooms | 6 beds,Tshering Yuden Homestay,Zhemgang,77444780,chodentashi17@gmail.com,https://wa.me/97577444780,,homestays.json
homestay-5,homestay,DOT certified VHS | 3 rooms | 6 beds,Tshewang Choden Homestay,Bumthang,77757909,,https://wa.me/97577757909,,homestays.json
homestay-11,homestay,DOT certified VHS | 5 rooms | 10 beds,Tshomo Homestay (Dorjibee),Bumthang,17649947,dekidrodu@gmail.com,https://wa.me/97517649947,,homestays.json
homestay-9,homestay,DOT certified VHS | 4 rooms | 8 beds,Tshomo Homestay (Pangri),Bumthang,17861095,,https://wa.me/97517861095,,homestays.json
homestay-35,homestay,DOT certified VHS | 5 rooms | 10 beds,Ugyen Homestay,Haa,77265817,,https://wa.me/97577265817,,homestays.json
homestay-54,homestay,DOT certified VHS | 4 rooms | 8 beds,Ugyen Homestay,Paro,77665376,,https://wa.me/97577665376,,homestays.json
homestay-113,homestay,DOT certified VHS | 4 rooms | 8 beds,Wangchuk Dema Homestay,Wangdue Phodrang,17451374 / 17861601,wangchukdema174@gmail.com,https://wa.me/97517451374,,homestays.json
homestay-89,homestay,DOT certified VHS | 2 rooms | 4 beds,Wangpo Tshering Homestay,Trashigang,17356380,,https://wa.me/97517356380,,homestays.json
homestay-114,homestay,DOT certified VHS | 4 rooms | 8 beds,Yangka Homestay,Wangdue Phodrang,17846897,,https://wa.me/97517846897,,homestays.json
homestay-39,homestay,DOT certified VHS | 5 rooms | 10 beds,Yangkula Homestay,Lhuentse,17788454,,https://wa.me/97517788454,,homestays.json
homestay-123,homestay,DOT certified VHS | 5 rooms | 10 beds,Yeshi Choden Homestay,Zhemgang,17483910,,https://wa.me/97517483910,,homestays.json
homestay-13,homestay,DOT certified VHS | 3 rooms | 6 beds,Yeshi Nidup Homestay,Bumthang,17795211 / 17802028,,https://wa.me/97517795211,,homestays.json
homestay-7,homestay,DOT certified VHS | 4 rooms | 8 beds,Yeshi Wangmo Homestay,Bumthang,17235076,,https://wa.me/97517235076,,homestays.json
homestay-52,homestay,DOT certified VHS | 2 rooms | 4 beds,Yoezer Homestay (Thridangbi),Mongar,17644057,,https://wa.me/97517644057,,homestays.json
homestay-81,homestay,DOT certified VHS | 3 rooms | 6 beds,Yuwakha Homestay,Punakha,17623793 / 77623793,,https://wa.me/97517623793,,homestays.json
homestay-115,homestay,DOT certified VHS | 4 rooms | 8 beds,Zangmo Homestay,Wangdue Phodrang,17512474,,https://wa.me/97517512474,,homestays.json
homestay-126,homestay,DOT licensed (portal) | 3 rooms,Zomlingthang Homestay,"Zomlingthang, Punakha",17721172,pemazam1982@gmail.com,https://services.bhutan.travel/search/homestay/zomlingthang-homestay,,homestays.json
07e25add-7ac0-4636-9d31-e2c054311ae2,guide,Cultural Guide | unknown | English,Ajesh Mongar,Thimphu,17591624,,https://wa.me/97517591624,,guides.json
074b6c38-2813-49cf-a401-cb2f6292ecb5,guide,Cultural Guide | unknown | English,Arjun Kumar Rai,Thimphu,77251173,,https://wa.me/97577251173,,guides.json
01ea4a4f-8fd1-441e-8757-900f1e283af3,guide,Cultural Guide | unknown | English,Ashis Rai,Thimphu,17467931,,https://wa.me/97517467931,,guides.json
0642822d-704e-45da-bb93-201e5d2ae4c8,guide,Cultural Guide | unknown | English,Bali Man Saru,Thimphu,17920322,,https://wa.me/97517920322,,guides.json
0886897a-f88f-4590-8147-dd89f252bd21,guide,Cultural Guide | unknown | English,Bhim Bdr Gurung,Thimphu,77415377,,https://wa.me/97577415377,,guides.json
046bc5df-9328-48f4-a658-da551409bb6c,guide,Cultural Guide | unknown | English,Bijay Bajgai,Thimphu,17586380,,https://wa.me/97517586380,,guides.json
08398866-1aef-4f79-9a93-15e899996de3,guide,Cultural Guide | male | English,Bumpa Tenzin,Thimphu,17912228,,https://wa.me/97517912228,,guides.json
015daa38-71f0-4962-a3a8-e95b0dbbe907,guide,Cultural Guide | male | English,Chencho Dorji,Thimphu,17381449,,https://wa.me/97517381449,,guides.json
06059f18-4ab5-4c73-916f-822145492bc5,guide,Cultural & Trekking | male | English,Chencho Dorji,Thimphu,17306360,,https://wa.me/97517306360,,guides.json
05ab6ef3-b6cd-4651-88d7-3ea27bb75a7d,guide,Cultural Guide | male | English,Chhimi Dorji,Thimphu,77351940,,https://wa.me/97577351940,,guides.json
0796c35e-6255-4f92-9235-3bde408e3cfb,guide,Cultural Guide | female | English,Chimi Dem,Thimphu,17601664,,https://wa.me/97517601664,,guides.json
05f087c1-bf4c-4ba5-a73a-96a5413226b0,guide,Cultural Guide | male | English,Dawa Dakpa,Thimphu,77287523,,https://wa.me/97577287523,,guides.json
063290a2-d59e-446d-b621-163dff478255,guide,Cultural Guide | male | English,Dawa Yoezer,Thimphu,17743868,,https://wa.me/97517743868,,guides.json
02bd10a4-1ec0-4ac2-8a11-60b4a605bd79,guide,Cultural Guide | male | English,Dechen Tshering,Thimphu,17748195,,https://wa.me/97517748195,,guides.json
08b3c900-2e78-4eaa-9568-21ade0cb9a02,guide,Cultural & Trekking | male | English,Dendup Norbu,Thimphu,17667195,,https://wa.me/97517667195,,guides.json
05b2db05-d140-4608-bdb0-caf7d161786b,guide,Cultural & Trekking | male | English,Dorji Wangchuk,Thimphu,77213757,,https://wa.me/97577213757,,guides.json
06cc21e2-dea2-4f31-b9f7-118b5af2a92c,guide,Cultural & Trekking | unknown | English,Gyenden Jamtsho,Thimphu,17329148,,https://wa.me/97517329148,,guides.json
02e1c8e0-28cc-4427-8b17-2a2dc20ee60f,guide,Cultural Guide | unknown | English,Jamyang Kuenley,Thimphu,77259274,,https://wa.me/97577259274,,guides.json
03a92f52-4afa-4592-a0bf-9095ae9a5ceb,guide,Cultural Guide | male | English,Jigme Norbu,Thimphu,17614238,,https://wa.me/97517614238,,guides.json
05e88fa1-b44d-438d-b9de-3fe1be291a14,guide,Cultural Guide | male | English,Jigme Wangchuk,Thimphu,17436883,,https://wa.me/97517436883,,guides.json
02baebda-3633-4e69-af07-d861b9c4f6ca,guide,Cultural Guide | male | English,Jigme Yoezer,Thimphu,17709343,,https://wa.me/97517709343,,guides.json
05f762c0-9380-44b7-8b1e-73f89b09c580,guide,Cultural & Trekking | male | English,Karma Dendup,Thimphu,17640428,,https://wa.me/97517640428,,guides.json
0857038c-347f-4036-9ba2-9721211331a2,guide,Cultural Guide | female | English,Karma Zangmo,Thimphu,17832998,,https://wa.me/97517832998,,guides.json
00fb21f6-f6fd-442f-b576-f0ffb858ede5,guide,Cultural Guide | male | English,Kelzang Jigme,Thimphu,17840990,,https://wa.me/97517840990,,guides.json
0605127b-585c-4311-94e9-584a676f494c,guide,Cultural Guide | male | English,Kencho Chophel,Thimphu,77939599,,https://wa.me/97577939599,,guides.json
039564a8-ecf5-42fd-92dd-6bafe9e33d83,guide,Cultural & Trekking | male | English,Kezang Dawa,Thimphu,17534506,,https://wa.me/97517534506,,guides.json
056325c1-5399-4c7a-bdb3-3d6571d17e65,guide,Cultural Guide | unknown | English,Khandu,Thimphu,77350780,,https://wa.me/97577350780,,guides.json
09aa83c5-cad7-4241-8e70-308b2c16afcd,guide,Cultural Guide | unknown | English,Kharka Bahadur Rai,Thimphu,77439994,,https://wa.me/97577439994,,guides.json
068d13da-c2fc-443e-9bf8-b1248ac5036b,guide,Cultural & Trekking | unknown | English,Kiliya,Thimphu,17636425,,https://wa.me/97517636425,,guides.json
0345791b-be1d-4157-a238-cff7d89aecf0,guide,Cultural Guide | male | English,Kinlay Wangchuk,Thimphu,17492489,,https://wa.me/97517492489,,guides.json
071887df-ec80-4bc0-9921-e7208c5365f6,guide,Cultural Guide | male | English,Kinley Dorji,Thimphu,17869044,,https://wa.me/97517869044,,guides.json
0964e1d1-1f79-4452-897b-d8cb0e1442be,guide,Cultural & Trekking | male | English,Kinley Dorji,Thimphu,17608284,,https://wa.me/97517608284,,guides.json
034ceffd-5663-4030-8ebb-c40dd2503951,guide,Cultural Guide | male | English,Kinley Tenzin,Thimphu,77400920,,https://wa.me/97577400920,,guides.json
05262e20-6dc2-46cd-9fda-1c4ffeb84955,guide,Cultural Guide | male | English,Kinley Wangchuk,Thimphu,17718533,,https://wa.me/97517718533,,guides.json
07ebd1d5-36fd-4c97-a315-a05ac934ff06,guide,Cultural Guide | male | English,Kinley Wangchuk,Thimphu,17119808,,https://wa.me/97517119808,,guides.json
0298f31b-1937-4032-8a98-d8ca7ee1fabe,guide,Cultural Guide | male | English,Kuenga Tenzin,Thimphu,17787707,,https://wa.me/97517787707,,guides.json
094400a9-bf3b-49a6-8da1-ecfbf48d559f,guide,Cultural Guide | unknown | English,Kuenzang Namgyel,Thimphu,77457842,,https://wa.me/97577457842,,guides.json
023060c6-7ede-499a-bc4c-2d94476dd749,guide,Cultural & Trekking | male | English,Kuenzang Tobgay,Thimphu,17835408,,https://wa.me/97517835408,,guides.json
05002ac9-3e95-41ac-b09f-834fc90b8e19,guide,Cultural & Trekking | unknown | English,Lungten,Thimphu,17580411,,https://wa.me/97517580411,,guides.json
08e59ecb-aac4-40ad-b9d5-a8c168afc790,guide,Cultural Guide | male | English,Mindu Wangdi,Thimphu,17480932,,https://wa.me/97517480932,,guides.json
001b8705-26a0-44b5-8668-bbddf4d1850f,guide,Cultural & Trekking | unknown | English,Mohan Prasad Bhatta,Thimphu,16923718,,https://wa.me/97516923718,,guides.json
04a28d29-a5fd-494d-be95-0bcab75a8f4b,guide,Cultural & Trekking | male | English,Namgay Rinchen,Thimphu,17473455,,https://wa.me/97517473455,,guides.json
060293fa-327d-46ed-b999-4ddc766606fd,guide,Cultural Guide | male | English,Namgay Tshering,Thimphu,77777151,,https://wa.me/97577777151,,guides.json
00541082-bb10-4178-b712-fb0656da6b5a,guide,Cultural Guide | male | English,Namgay Wangchuk,Thimphu,17280983,,https://wa.me/97517280983,,guides.json
00c08692-c31d-4b7e-93e3-7e1c6d4d5f58,guide,Cultural Guide | unknown | English,Namgyal,Thimphu,17112426,,https://wa.me/97517112426,,guides.json
0608614b-fe58-477e-92af-8e8e505f2162,guide,Cultural & Trekking | male | English,Ngawang Dorji,Thimphu,17448709,,https://wa.me/97517448709,,guides.json
06e44459-8c7e-4706-8bce-97d233441c2a,guide,Cultural Guide | male | English,Ngawang Tashi,Thimphu,17765243,,https://wa.me/97517765243,,guides.json
051822db-2b64-496e-b7d1-2bf0261ccb74,guide,Cultural & Trekking | male | English,Nima Tshering,Thimphu,17324434,,https://wa.me/97517324434,,guides.json
021cb3fc-b85b-410d-b0f6-45636cf94e59,guide,Cultural Guide | male | English,Nima Wangdi Gyeltsh,Thimphu,17372728,,https://wa.me/97517372728,,guides.json
0910d38f-54ca-4ecc-8f86-639c7ce9268a,guide,Cultural Guide | male | English,Nob Tshering,Thimphu,77281216,,https://wa.me/97577281216,,guides.json
01ee6cd0-b12f-49b7-958a-9d2c5e4f3adc,guide,Cultural & Trekking | male | English,Pema Rinchen,Thimphu,77615496,,https://wa.me/97577615496,,guides.json
0374f1a5-c4c8-4b24-80dc-74958320f7ec,guide,Cultural Guide | male | English,Pema Tshering,Thimphu,17425697,,https://wa.me/97517425697,,guides.json
0251a61b-88a1-4f21-a159-acdd9cef9fae,guide,Cultural Guide | male | English,Pema Wangda,Thimphu,17502316,,https://wa.me/97517502316,,guides.json
00953275-40de-4ab7-a40e-72915b9c5a90,guide,Cultural Guide | male | English,Phub Tshering,Thimphu,17843483,,https://wa.me/97517843483,,guides.json
0694b2f4-2117-40cd-aa1a-8f24df8487bf,guide,Cultural Guide | male | English,Phuntsho Dendup,Thimphu,17861065,,https://wa.me/97517861065,,guides.json
02303fd4-df91-4b5b-a306-81ce1adc0ef5,guide,Cultural Guide | male | English,Sangay Dorji,Thimphu,17886448,,https://wa.me/97517886448,,guides.json
03fcb660-75c1-4123-bfb4-99adbbc2060e,guide,Cultural Guide | male | English,Sangay Dorji,Thimphu,17893745,,https://wa.me/97517893745,,guides.json
09cd23cc-299c-47f3-b31e-a5b63424b459,guide,Cultural Guide | male | English,Sangay Dorji,Thimphu,17885473,,https://wa.me/97517885473,,guides.json
023227b3-bf56-4a50-93f7-458868df2f7e,guide,Cultural & Trekking | male | English,Sangay Nima,Thimphu,17353726,,https://wa.me/97517353726,,guides.json
071c2ee3-2f98-4ce6-9a30-3c629cd093c8,guide,Cultural Guide | female | English,Sonam Choden,Thimphu,77657766,,https://wa.me/97577657766,,guides.json
05289ce0-1be6-44bc-af58-ae7893c68aa4,guide,Cultural & Trekking | male | English,Sonam Dhendup,Thimphu,17607858,,https://wa.me/97517607858,,guides.json
01826a44-72ae-4ae2-9bfa-ed2782484e6f,guide,Cultural Guide | male | English,Sonam Gyeltshen,Thimphu,17470174,,https://wa.me/97517470174,,guides.json
087fb40f-9b8e-4dcf-93e7-661396a00bdd,guide,Cultural Guide | female | English,Sonam lhamo,Thimphu,17646612,,https://wa.me/97517646612,,guides.json
00233a9a-f238-4f42-a04d-4654b5b6d707,guide,Cultural Guide | male | English,Sonam Tobgay,Thimphu,16923282,,https://wa.me/97516923282,,guides.json
0313b98e-7d13-48d0-99d6-71409101f658,guide,Cultural Guide | male | English,Sonam Tshering,Thimphu,77263463,,https://wa.me/97577263463,,guides.json
035f8ddd-dfb4-4714-86d4-b65513e86f5b,guide,Cultural Guide | male | English,Sonam Tshering,Thimphu,17754795,,https://wa.me/97517754795,,guides.json
075cf62f-9b12-4564-9879-62d965b371b5,guide,Cultural Guide | male | English,Sonam wangyel,Thimphu,17634331,,https://wa.me/97517634331,,guides.json
0747d719-3982-4589-aa4c-04870c134fd7,guide,Cultural & Trekking | female | English,Tandin Choki,Thimphu,17252047,,https://wa.me/97517252047,,guides.json
085a1736-44cd-499b-9085-b8a794c20a00,guide,Cultural Guide | unknown | English,Tara Nidhi Dahal,Thimphu,17983440,,https://wa.me/97517983440,,guides.json
0655efa4-9f8a-4339-81ca-2e1088f68a6a,guide,Cultural Guide | male | English,Tashi Dendup,Thimphu,17360604,,https://wa.me/97517360604,,guides.json
050a1ce9-13ca-4411-9e60-10879b7ba5dc,guide,Cultural & Trekking | male | English,Tashi Dorji,Thimphu,17119644,,https://wa.me/97517119644,,guides.json
09090d93-5639-42c8-858c-f90f28d81ef2,guide,Cultural Guide | male | English,Tashi Dorji,Thimphu,17747001,,https://wa.me/97517747001,,guides.json
072c38c4-25e9-46da-836d-57ae579461ca,guide,Cultural & Trekking | male | English,Tashi Penjor,Thimphu,17677887,,https://wa.me/97517677887,,guides.json
099a7085-d85a-424d-a7e5-a0e2b3fcd30c,guide,Cultural & Trekking | male | English,Tashi Phuntsho,Thimphu,17610079,,https://wa.me/97517610079,,guides.json
091259a5-7e00-4acd-ba5c-7d2def30f1c1,guide,Cultural Guide | male | English,Tashi Tobgay,Thimphu,17536429,,https://wa.me/97517536429,,guides.json
009ae9da-cd56-4979-840a-ee8b0a414d44,guide,Cultural Guide | male | English,Tashi Wangchuk,Thimphu,77383925,,https://wa.me/97577383925,,guides.json
01774518-41aa-4347-9b81-fa2ecc425db8,guide,Cultural Guide | male | English,Tashi Wangdi,Thimphu,17637904,,https://wa.me/97517637904,,guides.json
04eff04f-f75b-4fde-bd85-b5adf013db5c,guide,Cultural Guide | male | English,Tashila,Thimphu,77833243,,https://wa.me/97577833243,,guides.json
0097c2b1-8fdc-40be-8e90-62549c591f0c,guide,Cultural Guide | male | English,Tenzin Gyeltshen,Thimphu,77728031,,https://wa.me/97577728031,,guides.json
0545f02e-00fa-4716-8702-edc0eb6ec5ce,guide,Cultural Guide | male | English,Thinley Phuntsho,Thimphu,17590779,,https://wa.me/97517590779,,guides.json
010e62b8-e45b-4309-9129-ac72efbe4463,guide,Cultural Guide | unknown | English,Thuji,Thimphu,17597272,,https://wa.me/97517597272,,guides.json
0285d28f-614e-4141-974e-03f28e2f7b51,guide,Cultural Guide | male | English,Tshering Penjor,Thimphu,17378889,,https://wa.me/97517378889,,guides.json
02e90733-c5ce-46c6-97df-627ce2ae190c,guide,Cultural Guide | male | English,Tshering Penjor,Thimphu,17933566,,https://wa.me/97517933566,,guides.json
08fe0207-07fb-4d92-9fce-267045ac26d5,guide,Cultural Guide | male | English,Tshering Penjor,Thimphu,17892181,,https://wa.me/97517892181,,guides.json
059a70e4-afc3-4ba1-a726-0311373a5f47,guide,Cultural Guide | male | English,Tshering Wangchuk,Thimphu,77404010,,https://wa.me/97577404010,,guides.json
000f5eb5-6f9c-4482-85cd-c53b255ef36f,guide,Cultural Guide | unknown | English,Tshewang Jatsho,Thimphu,17742321,,https://wa.me/97517742321,,guides.json
0790879d-1c92-4211-b7ca-6fc720cc6b2b,guide,Cultural Guide | male | English,Tshewang Tandin,Thimphu,17939673,,https://wa.me/97517939673,,guides.json
01b46bbc-6c8c-458b-93e9-2f3e1aa4b793,guide,Cultural Guide | male | English,Ugyen Chophel,Thimphu,17522387,,https://wa.me/97517522387,,guides.json
05e0695b-85cb-42a5-8563-66ca8c231506,guide,Cultural & Trekking | male | English,Ugyen Dorji,Thimphu,17114727,,https://wa.me/97517114727,,guides.json
057f1dde-ad9b-4874-ab97-1f4b23ca3c9b,guide,Cultural Guide | male | English,Ugyen Lhendup,Thimphu,17325958,,https://wa.me/97517325958,,guides.json
04db49bf-ac74-4b9b-83ae-ee30167e10df,guide,Cultural Guide | female | English,Ugyen Tshomo,Thimphu,17579672,,https://wa.me/97517579672,,guides.json
0359caec-bd28-4ada-b447-58537b234704,guide,Cultural Guide | unknown | English,Utam kumar Ghalley,Thimphu,17607897,,https://wa.me/97517607897,,guides.json
093f1ed3-3a8e-496b-a513-7dac6f8e1a3b,guide,Cultural Guide | male | English,Wangchuk,Thimphu,17803515,,https://wa.me/97517803515,,guides.json
09aad9bb-1d14-443d-9096-a05a3b149d53,guide,Cultural Guide | female | English,Yangchen Pem,Thimphu,17991370,,https://wa.me/97517991370,,guides.json
082aa932-cc89-4bc9-ad2b-61ecf5f27c7b,guide,Cultural & Trekking | unknown | English,Yeshey Saydee,Thimphu,17583838,,https://wa.me/97517583838,,guides.json
05c83cf0-1494-422d-afcc-dbff6eb03012,guide,Cultural & Trekking | male | English,Yeshi Dorji,Thimphu,77237448,,https://wa.me/97577237448,,guides.json
082b85d7-aed5-4f79-b3cb-df9fe568873c,guide,Cultural Guide | male | English,Yeshi Namgay,Thimphu,77332076,,https://wa.me/97577332076,,guides.json
057d410d-e849-44a2-9784-eca3c85df29e,guide,Cultural & Trekking | male | English,Yeshi Penjor,Thimphu,17614926,,https://wa.me/97517614926,,guides.json
04e0fc37-886c-4470-80c8-a8890adfd6b2,guide,Cultural & Trekking | male | English,Yeshi Wangdi,Thimphu,17544808,,https://wa.me/97517544808,,guides.json
030cf38d-70d9-468f-a1ea-f226b66a2ea0,guide,Cultural Guide | male | English,Yonten Wangchuk,Thimphu,17939236,,https://wa.me/97517939236,,guides.json
vehicle-1,vehicle,Hatchback / city taxi | chauffeur-included,"Alto, WagonR, i20, Eeco",Bhutan nationwide (operator hire; chauffeur included),,,,,drivers-and-vehicles.json
vehicle-2,vehicle,Compact SUV | chauffeur-included,"Hyundai Creta, Tucson, Santa Fe, Mahindra Scorpio, Bolero",Bhutan nationwide (operator hire; chauffeur included),,,,,drivers-and-vehicles.json
vehicle-8,vehicle,Coaster minibus | chauffeur-included,Toyota Coaster 4-cyl / 6-cyl,Bhutan nationwide (operator hire; chauffeur included),,,,,drivers-and-vehicles.json
vehicle-6,vehicle,Minivan | chauffeur-included,Toyota Hiace,Bhutan nationwide (operator hire; chauffeur included),,,,,drivers-and-vehicles.json
vehicle-7,vehicle,High-roof van | chauffeur-included,Toyota Hiace Highroof,Bhutan nationwide (operator hire; chauffeur included),,,,,drivers-and-vehicles.json
vehicle-9,vehicle,Pickup / utility | chauffeur-included,"Toyota Hilux, Isuzu D-Max",Bhutan nationwide (operator hire; chauffeur included),,,,,drivers-and-vehicles.json
vehicle-3,vehicle,MPV / family | chauffeur-included,"Toyota Innova / Innova Crysta, Ertiga, Hyundai H1",Bhutan nationwide (operator hire; chauffeur included),,,,,drivers-and-vehicles.json
vehicle-5,vehicle,Premium 4WD | chauffeur-included,Toyota Land Cruiser 200/300,Bhutan nationwide (operator hire; chauffeur included),,,,,drivers-and-vehicles.json
vehicle-4,vehicle,Luxury SUV | chauffeur-included,Toyota Land Cruiser Prado,Bhutan nationwide (operator hire; chauffeur included),,,,,drivers-and-vehicles.json
entry-crane-centre,attraction,entry-point | entry Nu 200,Black-Necked Crane Centre,Phobjikha,,,https://www.drukasia.com/bhutan/bhutan-monument-attractions-entrance-fees/,,entry-fees.json + images/entry-points
3e703a14-ea59-4549-87f4-beafc5249404,attraction,general | entry Nu 300,Buddha Dordenma Statue,Thimphu,,,https://www.drukasia.com/bhutan/bhutan-monument-attractions-entrance-fees/,https://res.cloudinary.com/dvivq8oji/image/upload/v1768424905/Buddha_Dordenma_otznqw.jpg | https://res.cloudinary.com/dvivq8oji/image/upload/v1774163417/activities/thimphu/buddha-dordenma-statue-1.jpg | https://res.cloudinary.com/dvivq8oji/image/upload/v1774163423/activities/thimphu/buddha-dordenma-statue-2.jpg | https://res.cloudinary.com/dvivq8oji/image/upload/v1774163429/activities/thimphu/buddha-dordenma-statue-3.jpg | https://res.cloudinary.com/dvivq8oji/image/upload/v1774163434/activities/thimphu/buddha-dordenma-statue-4.jpg | https://res.cloudinary.com/dvivq8oji/image/upload/v1774163439/activities/thimphu/buddha-dordenma-statue-5.jpg | https://res.cloudinary.com/dvivq8oji/image/upload/v1774163444/activities/thimphu/buddha-dordenma-statue-6.jpg | https://res.cloudinary.com/dvivq8oji/image/upload/v1774163448/activities/thimphu/buddha-dordenma-statue-7.jpg | https://res.cloudinary.com/dvivq8oji/image/upload/v1774163453/activities/thimphu/buddha-dordenma-statue-8.jpg | https://res.cloudinary.com/dvivq8oji/image/upload/v1774163458/activities/thimphu/buddha-dordenma-statue-9.jpg | https://res.cloudinary.com/dvivq8oji/image/upload/v1774163463/activities/thimphu/buddha-dordenma-statue-10.jpg | data/html-references/bhutan-ops-catalog/images/entry-points/buddha-dordenma.jpg,library_activities + entry-fees.json + images/entry-points
54f68fe2-c03f-4e3f-8054-ec948939534b,attraction,tour | no listed fee,Bumthang Brewery,Bumthang,,,,https://res.cloudinary.com/dvivq8oji/image/upload/v1774164289/activities/bumthang/bumthang-brewery-3.jpg | https://res.cloudinary.com/dvivq8oji/image/upload/v1774164294/activities/bumthang/bumthang-brewery-4.jpg | https://res.cloudinary.com/dvivq8oji/image/upload/v1774164300/activities/bumthang/bumthang-brewery-5.jpg | https://res.cloudinary.com/dvivq8oji/image/upload/v1774164304/activities/bumthang/bumthang-brewery-6.jpg | https://res.cloudinary.com/dvivq8oji/image/upload/v1774164309/activities/bumthang/bumthang-brewery-7.jpg | https://res.cloudinary.com/dvivq8oji/image/upload/v1774164315/activities/bumthang/bumthang-brewery-8.jpg | https://res.cloudinary.com/dvivq8oji/image/upload/v1774164320/activities/bumthang/bumthang-brewery-9.jpg | https://res.cloudinary.com/dvivq8oji/image/upload/v1774164326/activities/bumthang/bumthang-brewery-10.jpg,library_activities + entry-fees.json + images/entry-points
4822911c-6eed-451e-a544-a094dd31cfdb,attraction,temple | entry Nu 500,Changangkha Lhakhang,Thimphu,,,https://www.drukasia.com/bhutan/bhutan-monument-attractions-entrance-fees/,https://res.cloudinary.com/dvivq8oji/image/upload/v1774163779/activities/thimphu/changangkha-lhakhang-1.jpg | https://res.cloudinary.com/dvivq8oji/image/upload/v1774163785/activities/thimphu/changangkha-lhakhang-2.jpg | https://res.cloudinary.com/dvivq8oji/image/upload/v1774163791/activities/thimphu/changangkha-lhakhang-3.jpg | https://res.cloudinary.com/dvivq8oji/image/upload/v1774163796/activities/thimphu/changangkha-lhakhang-4.jpg | https://res.cloudinary.com/dvivq8oji/image/upload/v1774163802/activities/thimphu/changangkha-lhakhang-5.jpg | https://res.cloudinary.com/dvivq8oji/image/upload/v1774163806/activities/thimphu/changangkha-lhakhang-6.jpg | https://res.cloudinary.com/dvivq8oji/image/upload/v1774163814/activities/thimphu/changangkha-lhakhang-7.jpg | https://res.cloudinary.com/dvivq8oji/image/upload/v1774163819/activities/thimphu/changangkha-lhakhang-8.jpg | https://res.cloudinary.com/dvivq8oji/image/upload/v1774163823/activities/thimphu/changangkha-lhakhang-9.jpg | https://res.cloudinary.com/dvivq8oji/image/upload/v1774163828/activities/thimphu/changangkha-lhakhang-10.jpg | data/html-references/bhutan-ops-catalog/images/entry-points/changangkha.jpg,library_activities + entry-fees.json + images/entry-points
entry-changyul-park,attraction,entry-point | entry Nu 100,Changyul Park,Thimphu,,,https://www.drukasia.com/bhutan/bhutan-monument-attractions-entrance-fees/,,entry-fees.json + images/entry-points
ac9aa771-ac35-40b1-985a-638abaa6f6b3,attraction,viewpoint | no listed fee,Chele La Pass,Paro,,,,https://res.cloudinary.com/dvivq8oji/image/upload/v1774163263/activities/paro/chele-la-pass-1.jpg | https://res.cloudinary.com/dvivq8oji/image/upload/v1774163269/activities/paro/chele-la-pass-2.jpg | https://res.cloudinary.com/dvivq8oji/image/upload/v1774163275/activities/paro/chele-la-pass-3.jpg | https://res.cloudinary.com/dvivq8oji/image/upload/v1774163280/activities/paro/chele-la-pass-4.jpg | https://res.cloudinary.com/dvivq8oji/image/upload/v1774163286/activities/paro/chele-la-pass-5.jpg | https://res.cloudinary.com/dvivq8oji/image/upload/v1774163297/activities/paro/chele-la-pass-6.jpg | https://res.cloudinary.com/dvivq8oji/image/upload/v1774163302/activities/paro/chele-la-pass-7.jpg | https://res.cloudinary.com/dvivq8oji/image/upload/v1774163307/activities/paro/chele-la-pass-8.jpg | https://res.cloudinary.com/dvivq8oji/image/upload/v1774163313/activities/paro/chele-la-pass-9.jpg | https://res.cloudinary.com/dvivq8oji/image/upload/v1774163318/activities/paro/chele-la-pass-10.jpg,library_activities + entry-fees.json + images/entry-points
1e850372-cbdc-47db-b22c-4e713ff8e775,attraction,temple | entry Nu 500,Chhimi Lhakhang,Punakha,,,https://www.drukasia.com/bhutan/bhutan-monument-attractions-entrance-fees/,https://res.cloudinary.com/dvivq8oji/image/upload/v1774163970/activities/punakha/chhimi-lhakhang-1.jpg | https://res.cloudinary.com/dvivq8oji/image/upload/v1774163997/activities/punakha/chhimi-lhakhang-2.jpg | https://res.cloudinary.com/dvivq8oji/image/upload/v1774164003/activities/punakha/chhimi-lhakhang-3.jpg | https://res.cloudinary.com/dvivq8oji/image/upload/v1774164010/activities/punakha/chhimi-lhakhang-4.jpg | https://res.cloudinary.com/dvivq8oji/image/upload/v1774164020/activities/punakha/chhimi-lhakhang-5.jpg | https://res.cloudinary.com/dvivq8oji/image/upload/v1774164027/activities/punakha/chhimi-lhakhang-6.jpg | https://res.cloudinary.com/dvivq8oji/image/upload/v1774164032/activities/punakha/chhimi-lhakhang-7.jpg | https://res.cloudinary.com/dvivq8oji/image/upload/v1774164037/activities/punakha/chhimi-lhakhang-8.jpg | https://res.cloudinary.com/dvivq8oji/image/upload/v1774164042/activities/punakha/chhimi-lhakhang-9.jpg | https://res.cloudinary.com/dvivq8oji/image/upload/v1774164047/activities/punakha/chhimi-lhakhang-10.jpg | data/html-references/bhutan-ops-catalog/images/entry-points/chimi-lhakhang.jpg,library_activities + entry-fees.json + images/entry-points
entry-choki-art,attraction,entry-point | entry Nu 1000,Choki Traditional Art School,Thimphu,,,https://www.drukasia.com/bhutan/bhutan-monument-attractions-entrance-fees/,,entry-fees.json + images/entry-points
1e198e30-6e37-4c09-bfe9-26433a474e6a,attraction,viewpoint | no listed fee,Dochula Pass,Thimphu,,,,https://res.cloudinary.com/dvivq8oji/image/upload/v1774163594/activities/thimphu/dochula-pass-1.jpg | https://res.cloudinary.com/dvivq8oji/image/upload/v1774163602/activities/thimphu/dochula-pass-2.jpg | https://res.cloudinary.com/dvivq8oji/image/upload/v1774163608/activities/thimphu/dochula-pass-3.jpg | https://res.cloudinary.com/dvivq8oji/image/upload/v1774163616/activities/thimphu/dochula-pass-4.jpg | https://res.cloudinary.com/dvivq8oji/image/upload/v1774163627/activities/thimphu/dochula-pass-5.jpg | https://res.cloudinary.com/dvivq8oji/image/upload/v1774163633/activities/thimphu/dochula-pass-6.jpg | https://res.cloudinary.com/dvivq8oji/image/upload/v1774163638/activities/thimphu/dochula-pass-7.jpg | https://res.cloudinary.com/dvivq8oji/image/upload/v1774163643/activities/thimphu/dochula-pass-8.jpg | https://res.cloudinary.com/dvivq8oji/image/upload/v1774163647/activities/thimphu/dochula-pass-9.jpg | https://res.cloudinary.com/dvivq8oji/image/upload/v1774163652/activities/thimphu/dochula-pass-10.jpg,library_activities + entry-fees.json + images/entry-points
entry-dungtse,attraction,entry-point | entry Nu 500,Dungtse / Dumtse Lhakhang,Paro,,,https://www.drukasia.com/bhutan/bhutan-monument-attractions-entrance-fees/,,entry-fees.json + images/entry-points
7f4713d2-30f3-48e4-8bea-abc81e4bdf1e,attraction,general | no listed fee,Farmers Market,,,,,https://res.cloudinary.com/dvivq8oji/image/upload/v1773212172/Bumthang_by_Matt_Dutile8_coflap.jpg | https://res.cloudinary.com/dvivq8oji/image/upload/v1774164721/activities/thimphu/farmers-market-1.jpg | https://res.cloudinary.com/dvivq8oji/image/upload/v1774164727/activities/thimphu/farmers-market-2.jpg | https://res.cloudinary.com/dvivq8oji/image/upload/v1774164733/activities/thimphu/farmers-market-3.jpg | https://res.cloudinary.com/dvivq8oji/image/upload/v1774164745/activities/thimphu/farmers-market-4.jpg | https://res.cloudinary.com/dvivq8oji/image/upload/v1774164760/activities/thimphu/farmers-market-5.jpg | https://res.cloudinary.com/dvivq8oji/image/upload/v1774164772/activities/thimphu/farmers-market-6.jpg | https://res.cloudinary.com/dvivq8oji/image/upload/v1774164786/activities/thimphu/farmers-market-7.jpg | https://res.cloudinary.com/dvivq8oji/image/upload/v1774164791/activities/thimphu/farmers-market-8.jpg | https://res.cloudinary.com/dvivq8oji/image/upload/v1774164801/activities/thimphu/farmers-market-9.jpg | https://res.cloudinary.com/dvivq8oji/image/upload/v1774164835/activities/thimphu/farmers-market-10.jpg,library_activities + entry-fees.json + images/entry-points
entry-folk-heritage,attraction,entry-point | entry Nu 300,Folk Heritage Museum,Thimphu,,,https://www.drukasia.com/bhutan/bhutan-monument-attractions-entrance-fees/,,entry-fees.json + images/entry-points
entry-gelephu-entry,attraction,entry-point,Gelephu land entry,Border,,,https://www.drukasia.com/bhutan/bhutan-monument-attractions-entrance-fees/,,entry-fees.json + images/entry-points
entry-traditional-medicine,attraction,entry-point | entry Nu 500,Institute of Traditional Medicine,Thimphu,,,https://www.drukasia.com/bhutan/bhutan-monument-attractions-entrance-fees/,,entry-fees.json + images/entry-points
39f2dd9b-620b-46f3-ba21-6103b9f17a0a,attraction,temple | entry Nu 500,Jambay Lhakhang,Bumthang,,,https://www.drukasia.com/bhutan/bhutan-monument-attractions-entrance-fees/,https://res.cloudinary.com/dvivq8oji/image/upload/v1774164147/activities/bumthang/jambay-lhakhang-1.jpg | https://res.cloudinary.com/dvivq8oji/image/upload/v1774164161/activities/bumthang/jambay-lhakhang-2.jpg | https://res.cloudinary.com/dvivq8oji/image/upload/v1774164166/activities/bumthang/jambay-lhakhang-3.jpg | https://res.cloudinary.com/dvivq8oji/image/upload/v1774164173/activities/bumthang/jambay-lhakhang-4.jpg | https://res.cloudinary.com/dvivq8oji/image/upload/v1774164182/activities/bumthang/jambay-lhakhang-5.jpg | https://res.cloudinary.com/dvivq8oji/image/upload/v1774164201/activities/bumthang/jambay-lhakhang-6.jpg | https://res.cloudinary.com/dvivq8oji/image/upload/v1774164206/activities/bumthang/jambay-lhakhang-7.jpg | https://res.cloudinary.com/dvivq8oji/image/upload/v1774164212/activities/bumthang/jambay-lhakhang-8.jpg | https://res.cloudinary.com/dvivq8oji/image/upload/v1774164217/activities/bumthang/jambay-lhakhang-9.jpg | https://res.cloudinary.com/dvivq8oji/image/upload/v1774164222/activities/bumthang/jambay-lhakhang-10.jpg | data/html-references/bhutan-ops-catalog/images/entry-points/jambay-lhakhang.jpg,library_activities + entry-fees.json + images/entry-points
entry-khamsum,attraction,entry-point | entry Nu 100,Khamsum Yulley Namgyal Chorten,Punakha,,,https://www.drukasia.com/bhutan/bhutan-monument-attractions-entrance-fees/,,entry-fees.json + images/entry-points
82390aee-4c57-45af-a519-3f73609b67af,attraction,temple | no listed fee,Kurjey Lhakhang,Bumthang,,,,https://res.cloudinary.com/dvivq8oji/image/upload/v1774164058/activities/bumthang/kurjey-lhakhang-1.jpg | https://res.cloudinary.com/dvivq8oji/image/upload/v1774164064/activities/bumthang/kurjey-lhakhang-2.jpg | https://res.cloudinary.com/dvivq8oji/image/upload/v1774164072/activities/bumthang/kurjey-lhakhang-3.jpg | https://res.cloudinary.com/dvivq8oji/image/upload/v1774164081/activities/bumthang/kurjey-lhakhang-4.jpg | https://res.cloudinary.com/dvivq8oji/image/upload/v1774164088/activities/bumthang/kurjey-lhakhang-5.jpg | https://res.cloudinary.com/dvivq8oji/image/upload/v1774164093/activities/bumthang/kurjey-lhakhang-6.jpg | https://res.cloudinary.com/dvivq8oji/image/upload/v1774164098/activities/bumthang/kurjey-lhakhang-7.jpg | https://res.cloudinary.com/dvivq8oji/image/upload/v1774164104/activities/bumthang/kurjey-lhakhang-8.jpg | https://res.cloudinary.com/dvivq8oji/image/upload/v1774164109/activities/bumthang/kurjey-lhakhang-9.jpg | https://res.cloudinary.com/dvivq8oji/image/upload/v1774164115/activities/bumthang/kurjey-lhakhang-10.jpg,library_activities + entry-fees.json + images/entry-points
500de0eb-3c36-4863-9eac-cb27b70df347,attraction,temple | entry Nu 500,Kyichu Lhakhang,Paro,,,https://www.drukasia.com/bhutan/bhutan-monument-attractions-entrance-fees/,https://res.cloudinary.com/dvivq8oji/image/upload/v1774163213/activities/paro/kyichu-lhakhang-1.jpg | https://res.cloudinary.com/dvivq8oji/image/upload/v1774163219/activities/paro/kyichu-lhakhang-2.jpg | https://res.cloudinary.com/dvivq8oji/image/upload/v1774163226/activities/paro/kyichu-lhakhang-3.jpg | https://res.cloudinary.com/dvivq8oji/image/upload/v1774163236/activities/paro/kyichu-lhakhang-4.jpg | https://res.cloudinary.com/dvivq8oji/image/upload/v1774163247/activities/paro/kyichu-lhakhang-5.jpg | data/html-references/bhutan-ops-catalog/images/entry-points/kyichu.jpg,library_activities + entry-fees.json + images/entry-points
entry-lhuentse-dzong,attraction,entry-point | entry Nu 500,Lhuentse Dzong,Lhuentse,,,https://www.drukasia.com/bhutan/bhutan-monument-attractions-entrance-fees/,,entry-fees.json + images/entry-points
f1e0dece-5452-431c-afab-8144cba385c6,attraction,stupa | entry Nu 500,Memorial Chorten,Thimphu,,,https://www.drukasia.com/bhutan/bhutan-monument-attractions-entrance-fees/,https://res.cloudinary.com/dvivq8oji/image/upload/v1774163537/activities/thimphu/memorial-chorten-1.jpg | https://res.cloudinary.com/dvivq8oji/image/upload/v1774163542/activities/thimphu/memorial-chorten-2.jpg | https://res.cloudinary.com/dvivq8oji/image/upload/v1774163548/activities/thimphu/memorial-chorten-3.jpg | https://res.cloudinary.com/dvivq8oji/image/upload/v1774163553/activities/thimphu/memorial-chorten-4.jpg | https://res.cloudinary.com/dvivq8oji/image/upload/v1774163559/activities/thimphu/memorial-chorten-5.jpg | https://res.cloudinary.com/dvivq8oji/image/upload/v1774163564/activities/thimphu/memorial-chorten-6.jpg | https://res.cloudinary.com/dvivq8oji/image/upload/v1774163568/activities/thimphu/memorial-chorten-7.jpg | https://res.cloudinary.com/dvivq8oji/image/upload/v1774163573/activities/thimphu/memorial-chorten-8.jpg | https://res.cloudinary.com/dvivq8oji/image/upload/v1774163578/activities/thimphu/memorial-chorten-9.jpg | https://res.cloudinary.com/dvivq8oji/image/upload/v1774163583/activities/thimphu/memorial-chorten-10.jpg | data/html-references/bhutan-ops-catalog/images/entry-points/memorial-chorten.jpg,library_activities + entry-fees.json + images/entry-points
entry-mongar-dzong,attraction,entry-point | entry Nu 500,Mongar Dzong,Mongar,,,https://www.drukasia.com/bhutan/bhutan-monument-attractions-entrance-fees/,,entry-fees.json + images/entry-points
1ac99019-c912-4398-be8c-e3dfc53d83ff,attraction,wildlife | entry Nu 300,Motithang Takin Preserve,Thimphu,,,https://www.drukasia.com/bhutan/bhutan-monument-attractions-entrance-fees/,https://res.cloudinary.com/dvivq8oji/image/upload/v1774163663/activities/thimphu/motithang-takin-preserve-1.jpg | https://res.cloudinary.com/dvivq8oji/image/upload/v1774163669/activities/thimphu/motithang-takin-preserve-2.jpg | https://res.cloudinary.com/dvivq8oji/image/upload/v1774163674/activities/thimphu/motithang-takin-preserve-3.jpg | https://res.cloudinary.com/dvivq8oji/image/upload/v1774163683/activities/thimphu/motithang-takin-preserve-4.jpg | https://res.cloudinary.com/dvivq8oji/image/upload/v1774163693/activities/thimphu/motithang-takin-preserve-5.jpg | https://res.cloudinary.com/dvivq8oji/image/upload/v1774163703/activities/thimphu/motithang-takin-preserve-6.jpg | https://res.cloudinary.com/dvivq8oji/image/upload/v1774163708/activities/thimphu/motithang-takin-preserve-7.jpg | https://res.cloudinary.com/dvivq8oji/image/upload/v1774163713/activities/thimphu/motithang-takin-preserve-8.jpg | https://res.cloudinary.com/dvivq8oji/image/upload/v1774163718/activities/thimphu/motithang-takin-preserve-9.jpg | https://res.cloudinary.com/dvivq8oji/image/upload/v1774163722/activities/thimphu/motithang-takin-preserve-10.jpg | data/html-references/bhutan-ops-catalog/images/entry-points/takin-preserve.jpg,library_activities + entry-fees.json + images/entry-points
c3e4ec4e-e913-4118-84bf-3a6196ce8603,attraction,museum | entry Nu 500,National Museum of Bhutan (Ta Dzong),Paro,,,https://www.drukasia.com/bhutan/bhutan-monument-attractions-entrance-fees/,https://res.cloudinary.com/dvivq8oji/image/upload/v1774163327/activities/paro/national-museum-of-bhutan-ta-dzong-1.jpg | https://res.cloudinary.com/dvivq8oji/image/upload/v1774163332/activities/paro/national-museum-of-bhutan-ta-dzong-2.jpg | https://res.cloudinary.com/dvivq8oji/image/upload/v1774163343/activities/paro/national-museum-of-bhutan-ta-dzong-3.jpg | https://res.cloudinary.com/dvivq8oji/image/upload/v1774163355/activities/paro/national-museum-of-bhutan-ta-dzong-4.jpg | https://res.cloudinary.com/dvivq8oji/image/upload/v1774163362/activities/paro/national-museum-of-bhutan-ta-dzong-5.jpg | https://res.cloudinary.com/dvivq8oji/image/upload/v1774163371/activities/paro/national-museum-of-bhutan-ta-dzong-6.jpg | https://res.cloudinary.com/dvivq8oji/image/upload/v1774163376/activities/paro/national-museum-of-bhutan-ta-dzong-7.jpg | https://res.cloudinary.com/dvivq8oji/image/upload/v1774163382/activities/paro/national-museum-of-bhutan-ta-dzong-8.jpg | https://res.cloudinary.com/dvivq8oji/image/upload/v1774163387/activities/paro/national-museum-of-bhutan-ta-dzong-9.jpg | https://res.cloudinary.com/dvivq8oji/image/upload/v1774163392/activities/paro/national-museum-of-bhutan-ta-dzong-10.jpg | data/html-references/bhutan-ops-catalog/images/entry-points/ta-dzong.jpg,library_activities + entry-fees.json + images/entry-points
entry-ogyen-choling,attraction,entry-point | entry Nu 400,Ogyen Choling Museum,Bumthang,,,https://www.drukasia.com/bhutan/bhutan-monument-attractions-entrance-fees/,,entry-fees.json + images/entry-points
a970ebc2-eb31-4aa8-a184-230ead0718c1,attraction,general | no listed fee,Paro Airport Viewpoint,,,,,https://res.cloudinary.com/dvivq8oji/image/upload/v1774164536/activities/paro/paro-airport-viewpoint-1.jpg | https://res.cloudinary.com/dvivq8oji/image/upload/v1774164542/activities/paro/paro-airport-viewpoint-2.jpg | https://res.cloudinary.com/dvivq8oji/image/upload/v1774164547/activities/paro/paro-airport-viewpoint-3.jpg | https://res.cloudinary.com/dvivq8oji/image/upload/v1774164556/activities/paro/paro-airport-viewpoint-4.jpg | https://res.cloudinary.com/dvivq8oji/image/upload/v1774164562/activities/paro/paro-airport-viewpoint-5.jpg | https://res.cloudinary.com/dvivq8oji/image/upload/v1774164568/activities/paro/paro-airport-viewpoint-6.jpg | https://res.cloudinary.com/dvivq8oji/image/upload/v1774164573/activities/paro/paro-airport-viewpoint-7.jpg | https://res.cloudinary.com/dvivq8oji/image/upload/v1774164578/activities/paro/paro-airport-viewpoint-8.jpg | https://res.cloudinary.com/dvivq8oji/image/upload/v1774164583/activities/paro/paro-airport-viewpoint-9.jpg | https://res.cloudinary.com/dvivq8oji/image/upload/v1774164588/activities/paro/paro-airport-viewpoint-10.jpg,library_activities + entry-fees.json + images/entry-points
entry-paro-airport,attraction,entry-point,Paro International Airport (PBH),Border,,,https://www.drukasia.com/bhutan/bhutan-monument-attractions-entrance-fees/,data/html-references/bhutan-ops-catalog/images/entry-points/paro-airport.jpg | https://res.cloudinary.com/dvivq8oji/image/upload/v1774164536/activities/paro/paro-airport-viewpoint-1.jpg,entry-fees.json + images/entry-points
96253ee2-b8a0-49a2-9e77-abccb9ad91dd,attraction,fortress | entry Nu 500,Paro Rinpung Dzong,Paro,,,https://www.drukasia.com/bhutan/bhutan-monument-attractions-entrance-fees/,https://res.cloudinary.com/dvivq8oji/image/upload/v1774163145/activities/paro/paro-rinpung-dzong-1.jpg | https://res.cloudinary.com/dvivq8oji/image/upload/v1774163152/activities/paro/paro-rinpung-dzong-2.jpg | https://res.cloudinary.com/dvivq8oji/image/upload/v1774163159/activities/paro/paro-rinpung-dzong-3.jpg | https://res.cloudinary.com/dvivq8oji/image/upload/v1774163166/activities/paro/paro-rinpung-dzong-4.jpg | https://res.cloudinary.com/dvivq8oji/image/upload/v1774163173/activities/paro/paro-rinpung-dzong-5.jpg | https://res.cloudinary.com/dvivq8oji/image/upload/v1774163179/activities/paro/paro-rinpung-dzong-6.jpg | https://res.cloudinary.com/dvivq8oji/image/upload/v1774163185/activities/paro/paro-rinpung-dzong-7.jpg | https://res.cloudinary.com/dvivq8oji/image/upload/v1774163190/activities/paro/paro-rinpung-dzong-8.jpg | https://res.cloudinary.com/dvivq8oji/image/upload/v1774163196/activities/paro/paro-rinpung-dzong-9.jpg | https://res.cloudinary.com/dvivq8oji/image/upload/v1774163201/activities/paro/paro-rinpung-dzong-10.jpg | data/html-references/bhutan-ops-catalog/images/entry-points/rinpung-dzong.jpg,library_activities + entry-fees.json + images/entry-points
entry-phuentsholing-gate,attraction,entry-point,Phuentsholing immigration gate,Border,,,https://www.drukasia.com/bhutan/bhutan-monument-attractions-entrance-fees/,data/html-references/bhutan-ops-catalog/images/entry-points/phuentsholing-gate.jpg | https://upload.wikimedia.org/wikipedia/commons/f/fc/Immigration_Check-Post%2C_Phuentsholing%2C_Bhutan.jpg?utm_source=commons.wikimedia.org&utm_campaign=imageinfo&utm_content=original,entry-fees.json + images/entry-points
entry-postal-museum,attraction,entry-point | entry Nu 250,Postal Museum,Thimphu,,,https://www.drukasia.com/bhutan/bhutan-monument-attractions-entrance-fees/,,entry-fees.json + images/entry-points
172f4473-3cef-4e06-b326-d4580ee62c7d,attraction,fortress | entry Nu 500,Punakha Dzong,Punakha,,,https://www.drukasia.com/bhutan/bhutan-monument-attractions-entrance-fees/,https://res.cloudinary.com/dvivq8oji/image/upload/v1774163900/activities/punakha/punakha-dzong-1.jpg | https://res.cloudinary.com/dvivq8oji/image/upload/v1774163913/activities/punakha/punakha-dzong-3.jpg | https://res.cloudinary.com/dvivq8oji/image/upload/v1774163923/activities/punakha/punakha-dzong-4.jpg | https://res.cloudinary.com/dvivq8oji/image/upload/v1774163931/activities/punakha/punakha-dzong-5.jpg | https://res.cloudinary.com/dvivq8oji/image/upload/v1774163936/activities/punakha/punakha-dzong-6.jpg | https://res.cloudinary.com/dvivq8oji/image/upload/v1774163942/activities/punakha/punakha-dzong-7.jpg | https://res.cloudinary.com/dvivq8oji/image/upload/v1774163947/activities/punakha/punakha-dzong-8.jpg | https://res.cloudinary.com/dvivq8oji/image/upload/v1774163954/activities/punakha/punakha-dzong-9.jpg | https://res.cloudinary.com/dvivq8oji/image/upload/v1774163959/activities/punakha/punakha-dzong-10.jpg | data/html-references/bhutan-ops-catalog/images/entry-points/punakha-dzong.jpg,library_activities + entry-fees.json + images/entry-points
entry-lamperi-gardens,attraction,entry-point | entry Nu 100,Royal Botanical Gardens,Lamperi,,,https://www.drukasia.com/bhutan/bhutan-monument-attractions-entrance-fees/,,entry-fees.json + images/entry-points
entry-textile-academy,attraction,entry-point | entry Nu 500,Royal Textile Academy,Thimphu,,,https://www.drukasia.com/bhutan/bhutan-monument-attractions-entrance-fees/,,entry-fees.json + images/entry-points
entry-samdrup-jongkhar-entry,attraction,entry-point,Samdrup Jongkhar land entry,Border,,,https://www.drukasia.com/bhutan/bhutan-monument-attractions-entrance-fees/,,entry-fees.json + images/entry-points
entry-sangchen-nunnery,attraction,entry-point | entry Nu 200,Sangchen Dorji Lhendrup Nunnery,Punakha,,,https://www.drukasia.com/bhutan/bhutan-monument-attractions-entrance-fees/,,entry-fees.json + images/entry-points
entry-serbithang,attraction,entry-point | entry Nu 100,Serbithang Botanical Park,Thimphu,,,https://www.drukasia.com/bhutan/bhutan-monument-attractions-entrance-fees/,,entry-fees.json + images/entry-points
entry-simply-bhutan,attraction,entry-point | entry Nu 1000,Simply Bhutan,Thimphu,,,https://www.drukasia.com/bhutan/bhutan-monument-attractions-entrance-fees/,,entry-fees.json + images/entry-points
1edc2898-74de-463a-95b4-a94469684ea7,attraction,fortress | entry Nu 500,Simtokha Dzong,Thimphu,,,https://www.drukasia.com/bhutan/bhutan-monument-attractions-entrance-fees/,https://res.cloudinary.com/dvivq8oji/image/upload/v1774163840/activities/thimphu/simtokha-dzong-1.jpg | https://res.cloudinary.com/dvivq8oji/image/upload/v1774163853/activities/thimphu/simtokha-dzong-3.jpg | https://res.cloudinary.com/dvivq8oji/image/upload/v1774163860/activities/thimphu/simtokha-dzong-4.jpg | https://res.cloudinary.com/dvivq8oji/image/upload/v1774163866/activities/thimphu/simtokha-dzong-5.jpg | https://res.cloudinary.com/dvivq8oji/image/upload/v1774163871/activities/thimphu/simtokha-dzong-6.jpg | https://res.cloudinary.com/dvivq8oji/image/upload/v1774163876/activities/thimphu/simtokha-dzong-7.jpg | https://res.cloudinary.com/dvivq8oji/image/upload/v1774163881/activities/thimphu/simtokha-dzong-8.jpg | https://res.cloudinary.com/dvivq8oji/image/upload/v1774163886/activities/thimphu/simtokha-dzong-9.jpg | https://res.cloudinary.com/dvivq8oji/image/upload/v1774163891/activities/thimphu/simtokha-dzong-10.jpg | data/html-references/bhutan-ops-catalog/images/entry-points/simtokha-dzong.jpg,library_activities + entry-fees.json + images/entry-points
3f18ce08-5119-4029-809a-1cd3be7ab5d9,attraction,general | no listed fee,Stroll the town,,,,,https://res.cloudinary.com/dvivq8oji/image/upload/v1774164642/activities/thimphu/stroll-the-town-1.jpg | https://res.cloudinary.com/dvivq8oji/image/upload/v1774164653/activities/thimphu/stroll-the-town-2.jpg | https://res.cloudinary.com/dvivq8oji/image/upload/v1774164659/activities/thimphu/stroll-the-town-3.jpg | https://res.cloudinary.com/dvivq8oji/image/upload/v1774164668/activities/thimphu/stroll-the-town-4.jpg | https://res.cloudinary.com/dvivq8oji/image/upload/v1774164680/activities/thimphu/stroll-the-town-5.jpg | https://res.cloudinary.com/dvivq8oji/image/upload/v1774164686/activities/thimphu/stroll-the-town-6.jpg | https://res.cloudinary.com/dvivq8oji/image/upload/v1774164696/activities/thimphu/stroll-the-town-7.jpg | https://res.cloudinary.com/dvivq8oji/image/upload/v1774164700/activities/thimphu/stroll-the-town-8.jpg | https://res.cloudinary.com/dvivq8oji/image/upload/v1774164706/activities/thimphu/stroll-the-town-9.jpg | https://res.cloudinary.com/dvivq8oji/image/upload/v1774164711/activities/thimphu/stroll-the-town-10.jpg,library_activities + entry-fees.json + images/entry-points
entry-trongsa-ta-dzong,attraction,entry-point | entry Nu 500,Ta Dzong Museum,Trongsa,,,https://www.drukasia.com/bhutan/bhutan-monument-attractions-entrance-fees/,,entry-fees.json + images/entry-points
entry-tachogang,attraction,entry-point | entry Nu 300,Tachogang Lhakhang,Thimphu,,,https://www.drukasia.com/bhutan/bhutan-monument-attractions-entrance-fees/,,entry-fees.json + images/entry-points
276468d0-df95-486c-a94c-93a49e10762f,attraction,monastery | entry Nu 1000,Taktsang Palphug Monastery (Tiger's Nest),Paro,,,https://www.drukasia.com/bhutan/bhutan-monument-attractions-entrance-fees/,https://res.cloudinary.com/dvivq8oji/image/upload/v1774163071/activities/paro/taktsang-palphug-monastery-tigers-nest-1.jpg | https://res.cloudinary.com/dvivq8oji/image/upload/v1774163076/activities/paro/taktsang-palphug-monastery-tigers-nest-2.jpg | https://res.cloudinary.com/dvivq8oji/image/upload/v1774163086/activities/paro/taktsang-palphug-monastery-tigers-nest-3.jpg | https://res.cloudinary.com/dvivq8oji/image/upload/v1774163092/activities/paro/taktsang-palphug-monastery-tigers-nest-4.jpg | https://res.cloudinary.com/dvivq8oji/image/upload/v1774163102/activities/paro/taktsang-palphug-monastery-tigers-nest-5.jpg | https://res.cloudinary.com/dvivq8oji/image/upload/v1774163111/activities/paro/taktsang-palphug-monastery-tigers-nest-6.jpg | https://res.cloudinary.com/dvivq8oji/image/upload/v1774163117/activities/paro/taktsang-palphug-monastery-tigers-nest-7.jpg | https://res.cloudinary.com/dvivq8oji/image/upload/v1774163122/activities/paro/taktsang-palphug-monastery-tigers-nest-8.jpg | https://res.cloudinary.com/dvivq8oji/image/upload/v1774163127/activities/paro/taktsang-palphug-monastery-tigers-nest-9.jpg | https://res.cloudinary.com/dvivq8oji/image/upload/v1774163132/activities/paro/taktsang-palphug-monastery-tigers-nest-10.jpg | data/html-references/bhutan-ops-catalog/images/entry-points/taktsang.jpg,library_activities + entry-fees.json + images/entry-points
d2684105-f89a-454d-a15d-8afee959b92f,attraction,fortress | entry Nu 500,Tashichho Dzong,Thimphu,,,https://www.drukasia.com/bhutan/bhutan-monument-attractions-entrance-fees/,https://res.cloudinary.com/dvivq8oji/image/upload/v1774163472/activities/thimphu/tashichho-dzong-1.jpg | https://res.cloudinary.com/dvivq8oji/image/upload/v1774163477/activities/thimphu/tashichho-dzong-2.jpg | https://res.cloudinary.com/dvivq8oji/image/upload/v1774163483/activities/thimphu/tashichho-dzong-3.jpg | https://res.cloudinary.com/dvivq8oji/image/upload/v1774163495/activities/thimphu/tashichho-dzong-4.jpg | https://res.cloudinary.com/dvivq8oji/image/upload/v1774163507/activities/thimphu/tashichho-dzong-5.jpg | https://res.cloudinary.com/dvivq8oji/image/upload/v1774163512/activities/thimphu/tashichho-dzong-6.jpg | https://res.cloudinary.com/dvivq8oji/image/upload/v1774163517/activities/thimphu/tashichho-dzong-7.jpg | https://res.cloudinary.com/dvivq8oji/image/upload/v1774163522/activities/thimphu/tashichho-dzong-8.jpg | https://res.cloudinary.com/dvivq8oji/image/upload/v1774163527/activities/thimphu/tashichho-dzong-9.jpg | https://res.cloudinary.com/dvivq8oji/image/upload/v1774163532/activities/thimphu/tashichho-dzong-10.jpg | data/html-references/bhutan-ops-catalog/images/entry-points/tashichho-dzong.jpg,library_activities + entry-fees.json + images/entry-points
entry-trashigang-dzong,attraction,entry-point | entry Nu 500,Trashigang Dzong,Trashigang,,,https://www.drukasia.com/bhutan/bhutan-monument-attractions-entrance-fees/,,entry-fees.json + images/entry-points
b0aea8c1-3a4c-4c3f-8970-25b682a99422,attraction,fortress | entry Nu 500,Trongsa Dzong,Trongsa,,,https://www.drukasia.com/bhutan/bhutan-monument-attractions-entrance-fees/,https://res.cloudinary.com/dvivq8oji/image/upload/v1774164336/activities/trongsa/trongsa-dzong-1.jpg | https://res.cloudinary.com/dvivq8oji/image/upload/v1774164342/activities/trongsa/trongsa-dzong-2.jpg | https://res.cloudinary.com/dvivq8oji/image/upload/v1774164382/activities/trongsa/trongsa-dzong-4.jpg | https://res.cloudinary.com/dvivq8oji/image/upload/v1774164388/activities/trongsa/trongsa-dzong-5.jpg | https://res.cloudinary.com/dvivq8oji/image/upload/v1774164398/activities/trongsa/trongsa-dzong-6.jpg | https://res.cloudinary.com/dvivq8oji/image/upload/v1774164404/activities/trongsa/trongsa-dzong-7.jpg | https://res.cloudinary.com/dvivq8oji/image/upload/v1774164444/activities/trongsa/trongsa-dzong-9.jpg | https://res.cloudinary.com/dvivq8oji/image/upload/v1774164450/activities/trongsa/trongsa-dzong-10.jpg | data/html-references/bhutan-ops-catalog/images/entry-points/trongsa-dzong.jpg,library_activities + entry-fees.json + images/entry-points
entry-wangdicholing,attraction,entry-point | entry Nu 500,Wangdicholing Palace Museum,Bumthang,,,https://www.drukasia.com/bhutan/bhutan-monument-attractions-entrance-fees/,,entry-fees.json + images/entry-points
10317350-0fc4-40f9-bcde-74905bf343eb,attraction,fortress | entry Nu 500,Wangdue Phodrang Dzong,Wangdue Phodrang,,,https://www.drukasia.com/bhutan/bhutan-monument-attractions-entrance-fees/,https://res.cloudinary.com/dvivq8oji/image/upload/v1774164461/activities/wangdue-phodrang/wangdue-phodrang-dzong-1.jpg | https://res.cloudinary.com/dvivq8oji/image/upload/v1774164468/activities/wangdue-phodrang/wangdue-phodrang-dzong-2.jpg | https://res.cloudinary.com/dvivq8oji/image/upload/v1774164473/activities/wangdue-phodrang/wangdue-phodrang-dzong-3.jpg | https://res.cloudinary.com/dvivq8oji/image/upload/v1774164484/activities/wangdue-phodrang/wangdue-phodrang-dzong-4.jpg | https://res.cloudinary.com/dvivq8oji/image/upload/v1774164490/activities/wangdue-phodrang/wangdue-phodrang-dzong-5.jpg | https://res.cloudinary.com/dvivq8oji/image/upload/v1774164496/activities/wangdue-phodrang/wangdue-phodrang-dzong-6.jpg | https://res.cloudinary.com/dvivq8oji/image/upload/v1774164513/activities/wangdue-phodrang/wangdue-phodrang-dzong-7.jpg | https://res.cloudinary.com/dvivq8oji/image/upload/v1774164518/activities/wangdue-phodrang/wangdue-phodrang-dzong-8.jpg | https://res.cloudinary.com/dvivq8oji/image/upload/v1774164522/activities/wangdue-phodrang/wangdue-phodrang-dzong-9.jpg | https://res.cloudinary.com/dvivq8oji/image/upload/v1774164527/activities/wangdue-phodrang/wangdue-phodrang-dzong-10.jpg | data/html-references/bhutan-ops-catalog/images/entry-points/wangdue-dzong.jpg,library_activities + entry-fees.json + images/entry-points
entry-zorig-chusum-thimphu,attraction,entry-point | entry Nu 500,Zorig Chusum (Painting School),Thimphu,,,https://www.drukasia.com/bhutan/bhutan-monument-attractions-entrance-fees/,,entry-fees.json + images/entry-points
entry-zorig-yangtse,attraction,entry-point | entry Nu 100,Zorig Chusum Institute,Trashi Yangtse,,,https://www.drukasia.com/bhutan/bhutan-monument-attractions-entrance-fees/,,entry-fees.json + images/entry-points